{
    "spider": "./yu.jar",
    "wallpaper": "http://bobohome.ignorelist.com:20247/bing",
    "logo": "./HYTV.png",


    "lives": [
{"name":"【洪宇本地一起看3】","type":0,"url":"./yqk3.m3u","ua":"okhttp/3.15,AptvPlayer/1.4.0","logo":"https://epg.v1.mk/logo/{name}.png","playerType":2},        
{"name":"【洪宇网络一起看3】","type":0,"url":"https://daili.korice.eu.org/https://raw.githubusercontent.com/vvvvse/yu/refs/heads/yu/yqk3.m3u","ua":"okhttp/3.15,AptvPlayer/1.4.0","logo":"https://epg.v1.mk/logo/{name}.png","playerType":2},        
        {
            "name": "加密冰红茶",
            "type": 3,
            "api": "csp_Feiyang",
            "url": "https://fy.188766.xyz/?ip=192.168.1.2&mima=499144377",
            "timeout": 10,
            "ua": "okhttp/3.15"
        },




        {
            "name": "tv1",
            "type": 3,
            "api": "csp_Feiyang",
            "url": "https://daili.korice.eu.org/https://raw.githubusercontent.com/l19270149853/ZBY/refs/heads/main/tv1.txt",
            "timeout": 10,
            "ua": "okhttp/3.15"
        },
        {
            "name": "洪宇的斗鱼",
            "type": 3,
            "api": "csp_Feiyang",
            "url": "https://sub.ottiptv.cc/douyuyqk.m3u",
            "timeout": 10,
            "ua": "okhttp/3.15"
        },
        {
            "name": "洪宇的YY",
            "type": 3,
            "api": "csp_Feiyang",
            "url": "https://sub.ottiptv.cc/yylunbo.m3u",
            "timeout": 10,
            "ua": "okhttp/3.15"
        },
    {
      "name": "洪宇的lPV6",
      "type": 0,
      "url": "./live/lPV6.txt",
      "playerType": 2,
      "timeout": 10
    },
        {
            "name": "洪宇的lpv4",
            "type": 0,
            "url": "https://sub.ottiptv.cc/iptv.m3u",
            "timeout": 10
        },


          {
            "name": "洪宇lpv4[2]",
            "type": 0,
            "url": "https://hub.gitmirror.com/https://raw.githubusercontent.com/cluntop/cluntop.github.io/refs/heads/main/lib/iptv.m3u",
            "timeout": 10
        }, 
        {
            "name": "洪宇lpv4",
            "type": 0,
            "url": "https://hub.gitmirror.com/https://raw.githubusercontent.com/Ethan-Men/8159-TV/refs/heads/master/output/ipv4/result.m3u",
            "timeout": 10
        },
        {
            "name": "洪宇虎牙一起看",
            "type": 3,
            "api": "csp_Feiyang",
            "url": "https://yun.urldwz.com/f/BE9PSL/huyayqk.m3u",
            "timeout": 10,
            "ua": "okhttp/3.15"
        },
        {
            "name": "洪宇斗鱼一起看",
            "type": 3,
            "api": "csp_Feiyang",
            "url": "https://yun.urldwz.com/f/NR9qiA/douyuyqk.m3u",
            "timeout": 10,
            "ua": "okhttp/3.15"
        },
        {
            "name": "洪宇YY轮播",
            "type": 3,
            "api": "csp_Feiyang",
            "url": "https://yun.urldwz.com/f/dlkycZ/yylunbo.m3u",
            "timeout": 10,
            "ua": "okhttp/3.15"
        },
        {
            "name": "洪宇AI直播",
            "type": 0,
            "url": "https://gh-proxy.com/https://raw.githubusercontent.com/PizazzGY/TV/master/output/user_result.txt",
            "epg": "http://cdn.1678520.xyz/epg/?ch={name}&date={date}",
            "timeout": 10
        },
        {
            "name": "洪宇Guovin",
            "type": 0,
            "url": "https://gitee.com/mytv-android/iptv-api/raw/master/output/result.m3u",
            "epg": "http://cdn.1678520.xyz/epg/?ch={name}&date={date}",
            "timeout": 10
        },
        {
            "name": "洪宇咪咕直播",
            "type": 0,
            "url": "https://yun.urldwz.com/f/Q6y3ca/migu.m3u",
            "timeout": 10
        },

        {
            "name": "洪宇B站直播",
            "type": 3,
            "api": "csp_Feiyang",
            "url": "https://yun.urldwz.com/f/9XBkHK/bilibili.m3u",
            "timeout": 10,
            "ua": "okhttp/3.15"
        },
        {
            "name": "洪宇电视Live",
            "type": 0,
            "url": "https://tv.iill.top/m3u/Gather",
            "playerType": 2,
            "timeout": 10
        },
        {
            "name": "洪宇网络Live",
            "type": 0,
            "url": "https://tv.iill.top/m3u/Live",
            "playerType": 2,
            "timeout": 10
        },
        {
            "name": "洪宇范明明",
            "type": 0,
            "url": "https://live.fanmingming.cn/tv/m3u/ipv6.m3u",
            "timeout": 10
        },
        {
            "name": "洪宇APTV",
            "type": 0,
            "url": "https://gh-proxy.com/https://github.com/Kimentanm/aptv/raw/master/m3u/iptv.m3u",
            "epg": "http://epg.51zmt.top:8000/api/diyp/?ch={name}&date={date}",
            "logo": "https://epg.iill.top/logo/{name}.png",
            "ua": "okhttp/3.15,AptvPlayer/1.4.0",
            "timeout": 10
        }
    ],






    "sites": [


    {"key": "巧技二","name": "洪宇🚥爬虫","jar":"./hy.jar","type": 3,"api": "csp_qiao2","playerType": 2,"ext": "7lj763gg402i79425739i7jghj118797l4hj840gi18633331l4708g2h7145403549g44l8ii56i187681hkjj3hhgh1ih3l32j250lk1k786lj20j468hk3hli4l46gig4i3g7g2722328j0136h01i7g5183k22k7gg3i72hk81gl8k9839kl7i0707"},

	{ "key": "zz", "name": "洪宇🚥官解①|4K弹幕", "type": 3, "api": "csp_AppZzun", "ext": "http://154.219.113.13:12121/json/app.txt", "jar": "http://47.120.41.246:8025/vip/jar/banhu.php" },
    { "key": "01", "name": "洪宇🚥免扫网盘①|4K", "type": 3, "api": "csp_HBT4", "ext": "YUhSMGNEb3ZMekUxTkM0eU1Ua3VNVEV6TGpFek9qVTROall2ZEdWemRDNXdhSEEvYzJsMFpUMXNZV0pwSXlNamJHRmlhUT09", "jar": "http://47.120.41.246:8025/vip/jar/banhu.php" },
    { "key": "02", "name": "洪宇🚥免扫网盘②|4K", "type": 3, "api": "csp_HBT4", "ext": "YUhSMGNEb3ZMekUxTkM0eU1Ua3VNVEV6TGpFek9qUTROall2ZEdWemRDNXdhSEEvYzJsMFpUMXRhV2hrY2lNakkyMXBhR1J5", "jar": "http://47.120.41.246:8025/vip/jar/banhu.php" },
    { "key": "03", "name": "洪宇🚥免扫网盘③|4K", "type": 3, "api": "csp_HBT4", "ext": "YUhSMGNEb3ZMekUxTkM0eU1Ua3VNVEV6TGpFek9qUTROall2ZEdWemRDNXdhSEEvYzJsMFpUMWxjbmhwWVc4akl5TmxjbmhwWVc4PQ==", "jar": "http://47.120.41.246:8025/vip/jar/banhu.php" },
    { "key": "04", "name": "洪宇🚥免扫网盘④|4K", "type": 3, "api": "csp_HBT4", "ext": "YUhSMGNEb3ZMekUxTkM0eU1Ua3VNVEV6TGpFek9qUTROall2ZEdWemRDNXdhSEEvYzJsMFpUMXZkV2RsSXlNamIzVm5aUT09", "jar": "http://47.120.41.246:8025/vip/jar/banhu.php" },







        {"jar":"https://daili.korice.eu.org/https://raw.githubusercontent.com/jjjzhy/vvvzhy/refs/heads/yu/0924/1993.jar",
        "key":"YU_Market",
        "name":"🚥洪宇🚥┃0508维护精简包",
        "type":3,"api":"csp_Market",
        "searchable":0,
        "changeable":0,
        "ext":"https://daili.korice.eu.org/https://raw.githubusercontent.com/vvvvzhy/vvvzhy/refs/heads/yu/0924/0508.json"},

        
    {
      "key": "csp_XYQHiker_网络虎牙直播",
      "name": "🚥洪宇🚥┃网络虎牙",
      "type": 3,
      "api": "csp_XYQHiker",
      "searchable": 1,
      "quickSearch": 0,
      "filterable": 0,
      "jar": "https://daili.korice.eu.org/https://raw.githubusercontent.com/vvvvzhy/vvvzhy/refs/heads/yu/0924/custom_spider.jar;md5;e6f46d10150d782fcb10ef179bab3f47",
      "ext": "https://daili.korice.eu.org/https://raw.githubusercontent.com/vvvvzhy/vvvzhy/refs/heads/yu/0924/网络虎牙直播.json"
    },

    {
      "key": "csp_XYQHiker_网络斗鱼直播",
      "name": "🚥洪宇🚥┃网络斗鱼",
      "type": 3,
      "api": "csp_XYQHiker",
      "searchable": 1,
      "quickSearch": 0,
      "filterable": 0,
      "jar": "https://daili.korice.eu.org/https://raw.githubusercontent.com/vvvvzhy/vvvzhy/refs/heads/yu/0924/custom_spider.jar;md5;e6f46d10150d782fcb10ef179bab3f47",
      "ext": "https://daili.korice.eu.org/https://raw.githubusercontent.com/vvvvzhy/vvvzhy/refs/heads/yu/0924/网络斗鱼直播.json"
    },





        {
            "key": "豆瓣",
            "name": "🚦洪宇🚦豆瓣｜首页",
            "type": 3,
            "api": "csp_Douban",
            "searchable": 0
        },
        {
            "key": "预告",
            "name": "🚦洪宇🚦新片｜预告",
            "type": 3,
            "api": "csp_YGP",
            "searchable": 0
        },
        {
            "key": "本地",
            "name": "🚦洪宇🚦本地｜视频",
            "type": 3,
            "api": "csp_LocalFile"
        },
        {
            "key": "配置中心",
            "name": "🚦洪宇🚦配置｜中心",
            "type": 3,
            "api": "csp_Config",
            "searchable": 0,
            "changeable": 0,
            "indexs": 0,
            "style": {
                "type": "rect",
                "ratio": 1.597
            }
        },
        {
            "key": "热播影视",
            "name": "🚦洪宇🚦热播｜APP",
            "type": 3,
            "api": "csp_AppRJ",
            "searchable": 1,
            "quickSearch": 1,
            "filterable": 0,
            "ext": {
                "url": "http://v.rbotv.cn"
            }
        },
        {
            "key": "浪酷影视",
            "name": "🚦洪宇🚦浪酷｜APP",
            "type": 3,
            "api": "csp_AppRJ",
            "searchable": 1,
            "quickSearch": 1,
            "filterable": 0,
            "ext": {
                "url": "http://v.lkuys.cn"
            }
        },
        {
            "key": "加菲",
            "name": "🚦洪宇🚦加菲丨APP",
            "type": 3,
            "quickSearch": 1,
            "api": "csp_AppQi",
            "ext": {
                "url": "",
                "site": "https://aysappto.oss-cn-chengdu.aliyuncs.com/qj1.txt",
                "dataKey": "dksvndkaAjekakcE",
                "dataIv": "dksvndkaAjekakcE",
                "deviceId": "",
                "version": "",
                "ua": ""
            }
        },
        {
            "key": "咖啡",
            "name": "🚦洪宇🚦咖啡丨APP",
            "type": 3,
            "quickSearch": 1,
            "api": "csp_AppQi",
            "ext": {
                "url": "",
                "site": "https://daen-1256234123.cos.ap-shanghai.myqcloud.com/MuQi/mqxh.txt",
                "dataKey": "37kj83zs1q16jk6t",
                "dataIv": "37kj83zs1q16jk6t",
                "deviceId": "",
                "version": "101",
                "ua": ""
            }
        },
        {
            "key": "哔滴",
            "name": "🚦洪宇🚦哔滴丨APP",
            "type": 3,
            "quickSearch": 1,
            "api": "csp_AppQi",
            "ext": {
                "url": "",
                "site": "https://ooxooxooxooxoo-1259561579.cos.ap-chengdu.myqcloud.com/ip.json",
                "dataKey": "5ae8ee4bb95ea0ce",
                "dataIv": "5ae8ee4bb95ea0ce",
                "deviceId": "",
                "version": "120",
                "ua": "okhttp/3.10.0 BDYS/109.0.0.8"
            }
        },
        {
            "key": "若雪",
            "name": "🚦洪宇🚦若雪丨APP",
            "type": 3,
            "quickSearch": 1,
            "api": "csp_AppQi",
            "ext": {
                "url": "https://appcms.rx4k.top",
                "site": "",
                "dataKey": "ZX10ysTYZWtIJCTU",
                "dataIv": "ZX10ysTYZWtIJCTU",
                "deviceId": "",
                "version": "120"
            }
        },
        {
            "key": "蓝鹰",
            "name": "🚦洪宇🚦蓝鹰｜APP",
            "type": 3,
            "quickSearch": 1,
            "api": "csp_AppQi",
            "ext": {
                "url": "",
                "site": "https://lanyinghz.oss-cn-hangzhou.aliyuncs.com/lanyingxmy.txt",
                "dataKey": "ca94b06ca359d80e",
                "dataIv": "ca94b06ca359d80e",
                "deviceId": "",
                "version": "120"
            }
        },
        {
            "key": "仓鼠",
            "name": "🚦洪宇🚦仓鼠｜APP",
            "type": 3,
            "quickSearch": 1,
            "api": "csp_AppQi",
            "ext": {
                "url": "",
                "site": "https://ceshi307386.oss-cn-beijing.aliyuncs.com/ceshi421.txt",
                "dataKey": "da61247f5b662597",
                "dataIv": "da61247f5b662597",
                "deviceId": "",
                "version": "120"
            }
        },
        {
            "key": "鲸鱼",
            "name": "🚦洪宇🚦鲸鱼｜APP",
            "type": 3,
            "quickSearch": 1,
            "api": "csp_AppQi",
            "ext": {
                "url": "",
                "site": "https://jingyu4k-1312635929.cos.ap-nanjing.myqcloud.com/1.json",
                "dataKey": "AAdgrdghjfgswerA",
                "dataIv": "AAdgrdghjfgswerA",
                "deviceId": "",
                "version": ""
            }
        },
        {
            "key": "热剧",
            "name": "🚦洪宇🚦热剧丨APP",
            "type": 3,
            "quickSearch": 1,
            "api": "csp_AppQi",
            "ext": {
                "url": "https://www.rebovod.com",
                "site": "",
                "dataKey": "8191A7F47B37882F",
                "dataIv": "8191A7F47B37882F",
                "deviceId": "",
                "version": "",
                "ua": ""
            }
        },
        {
            "key": "影视",
            "name": "🚦洪宇🚦影视丨APP",
            "type": 3,
            "quickSearch": 1,
            "api": "csp_AppQi",
            "ext": {
                "url": "",
                "site": "https://aysappto.oss-cn-chengdu.aliyuncs.com/qj2.txt",
                "dataKey": "sada21321sdq231d",
                "dataIv": "sada21321sdq231d",
                "deviceId": "",
                "version": "",
                "ua": ""
            }
        },
        {
            "key": "小猪",
            "name": "🚦洪宇🚦小猪丨APP",
            "type": 3,
            "quickSearch": 1,
            "api": "csp_AppQi",
            "ext": {
                "url": "",
                "site": "https://tiantangyoulu.oss-cn-beijing.aliyuncs.com/tengxunyun.txt",
                "dataKey": "seb5tq9mykp2w9ry",
                "dataIv": "seb5tq9mykp2w9ry",
                "deviceId": "",
                "version": "",
                "ua": "okhttp/3.10.0"
            }
        },
        {
            "key": "云云",
            "name": "🚦洪宇🚦云云丨APP",
            "type": 3,
            "quickSearch": 1,
            "api": "csp_AppQi",
            "ext": {
                "url": "",
                "site": "https://staraugust123456.oss-cn-hangzhou.aliyuncs.com/2.txt",
                "dataKey": "staraugust123456",
                "dataIv": "staraugust123456",
                "deviceId": "",
                "version": "120",
                "ua": ""
            }
        },
        {
            "key": "万能",
            "name": "🚦洪宇🚦万能丨APP",
            "type": 3,
            "quickSearch": 1,
            "api": "csp_AppGet",
            "ext": {
                "url": "https://wnvod.cc",
                "site": "",
                "dataKey": "5uBvur6znNUmE3zb",
                "dataIv": "5uBvur6znNUmE3zb",
                "deviceId": "",
                "version": "",
                "ua": "myapp/1.0.3"
            }
        },
        {
            "key": "坚果",
            "name": "🚦洪宇🚦坚果丨APP",
            "type": 3,
            "quickSearch": 1,
            "api": "csp_AppGet",
            "ext": {
                "url": "http://a.ngdy1.cn",
                "site": "",
                "dataKey": "2015692015692015",
                "dataIv": "2015692015692015",
                "deviceId": "",
                "version": "",
                "ua": ""
            }
        },
        {
            "key": "火花",
            "name": "🚦洪宇🚦火花丨APP",
            "type": 3,
            "quickSearch": 1,
            "api": "csp_AppGet",
            "ext": {
                "url": "",
                "site": "http://v.itcxo.cn/txt/1.txt",
                "dataKey": "PoiUytRedFghjklm",
                "dataIv": "PoiUytRedFghjklm",
                "deviceId": "",
                "version": "",
                "ua": ""
            }
        },
        {
            "key": "八天",
            "name": "🚦洪宇🚦八天丨APP",
            "type": 3,
            "quickSearch": 1,
            "api": "csp_AppGet",
            "ext": {
                "url": "https://dy.8ttv.cn",
                "site": "",
                "dataKey": "1111111111111111",
                "dataIv": "1111111111111111",
                "deviceId": "",
                "version": "",
                "ua": ""
            }
        },
        {
            "key": "紫金",
            "name": "🚦洪宇🚦紫金丨APP",
            "type": 3,
            "quickSearch": 1,
            "api": "csp_AppGet",
            "ext": {
                "url": "http://www.zjcvod.com",
                "site": "",
                "dataKey": "ab4e9a421675f14b",
                "dataIv": "ab4e9a421675f14b",
                "deviceId": "",
                "version": "",
                "ua": ""
            }
        },
        {
            "key": "刷剧",
            "name": "🚦洪宇🚦刷剧丨APP",
            "type": 3,
            "quickSearch": 1,
            "api": "csp_AppGet",
            "ext": {
                "url": "",
                "site": "https://dingchaowangzhan.oss-cn-beijing.aliyuncs.com/1.txt",
                "dataKey": "1387006363333333",
                "dataIv": "1387006363333333",
                "deviceId": "",
                "version": "",
                "ua": ""
            }
        },
        {
            "key": "九零",
            "name": "🚦洪宇🚦九零丨APP",
            "type": 3,
            "quickSearch": 1,
            "api": "csp_AppGet",
            "ext": {
                "url": "https://65fs2d9awaa1d2a7ea8.019990.xyz",
                "site": "",
                "dataKey": "5a9w6x58dsq6z3a6",
                "dataIv": "5a9w6x58dsq6z3a6",
                "deviceId": "",
                "version": "",
                "ua": ""
            }
        },
        {
            "key": "米奇",
            "name": "🚦洪宇🚦米奇丨APP",
            "type": 3,
            "quickSearch": 1,
            "api": "csp_AppGet",
            "ext": {
                "url": "http://www.milkidc.cn",
                "site": "",
                "dataKey": "20c79c979da8db0f",
                "dataIv": "20c79c979da8db0f",
                "deviceId": "",
                "version": "",
                "ua": ""
            }
        },
        {
            "key": "星星",
            "name": "🚦洪宇🚦星星丨APP",
            "type": 3,
            "quickSearch": 1,
            "api": "csp_AppGet",
            "ext": {
                "url": "http://starani.qcanime.xyz",
                "site": "",
                "dataKey": "123456789StarAni",
                "dataIv": "123456789StarAni",
                "deviceId": "",
                "version": "",
                "ua": "okhttp/3.10.0 BDYS/109.0.0.8"
            }
        },
        {
            "key": "像素",
            "name": "🚦洪宇🚦像素丨APP",
            "type": 3,
            "quickSearch": 1,
            "api": "csp_AppGet",
            "ext": {
                "url": "https://mcvod.top",
                "site": "",
                "dataKey": "cnmbknmbtounimab",
                "dataIv": "cnmbknmbtounimab",
                "deviceId": "",
                "version": "",
                "ua": ""
            }
        },
        {
            "key": "豆丁",
            "name": "🚦洪宇🚦豆丁丨APP",
            "type": 3,
            "quickSearch": 1,
            "api": "csp_AppGet",
            "ext": {
                "url": "http://45.66.157.77:9427",
                "site": "",
                "dataKey": "Xasdasd!123123dd",
                "dataIv": "Xasdasd!123123dd",
                "deviceId": "",
                "version": "",
                "ua": ""
            }
        },
        {
            "key": "稀饭",
            "name": "🚦洪宇🚦稀饭丨APP",
            "type": 3,
            "quickSearch": 1,
            "api": "csp_AppGet",
            "ext": {
                "url": "https://app.xifanys.com",
                "site": "",
                "dataKey": "HM6Ly9yeS4ya3dvL",
                "dataIv": "HM6Ly9yeS4ya3dvL",
                "deviceId": "",
                "version": "",
                "ua": ""
            }
        },
        {
            "key": "布雷",
            "name": "🚦洪宇🚦布雷丨APP",
            "type": 3,
            "quickSearch": 1,
            "api": "csp_AppGet",
            "ext": {
                "url": "https://cms.bl4k.cc",
                "site": "",
                "dataKey": "B7uaxcwdpX2dww82",
                "dataIv": "B7uaxcwdpX2dww82",
                "deviceId": "",
                "version": "",
                "ua": ""
            }
        },
        {
            "key": "五八",
            "name": "🚦洪宇🚦五八丨APP",
            "type": 3,
            "quickSearch": 1,
            "api": "csp_AppGet",
            "ext": {
                "url": "https://dy.58ys.vip",
                "site": "",
                "dataKey": "JEWibY1AgWF0V1xx",
                "dataIv": "JEWibY1AgWF0V1xx",
                "deviceId": "",
                "version": "",
                "ua": ""
            }
        },
        {
            "key": "狂人",
            "name": "🚦洪宇🚦狂人丨APP",
            "type": 3,
            "quickSearch": 1,
            "api": "csp_AppGet",
            "ext": {
                "url": "https://www.zjkrmv.vip",
                "site": "",
                "dataKey": "vXeyuJFqTKqWUtWU",
                "dataIv": "vXeyuJFqTKqWUtWU",
                "deviceId": "",
                "version": "",
                "ua": ""
            }
        },
        {
            "key": "驿站",
            "name": "🚦洪宇🚦驿站丨APP",
            "type": 3,
            "quickSearch": 1,
            "api": "csp_AppGet",
            "ext": {
                "url": "",
                "site": "https://dyyztvappapigoodgx.68.gy:12689/ciwk28vu38io8/apiurl.txt",
                "dataKey": "dyyztvapiappyyds",
                "dataIv": "dyyztvapiappyyds",
                "deviceId": "",
                "version": "",
                "ua": ""
            }
        },
        {
            "key": "外剧",
            "name": "🚦洪宇🚦外剧丨APP",
            "type": 3,
            "quickSearch": 1,
            "api": "csp_AppGet",
            "ext": {
                "url": "https://guowaiju.com",
                "site": "",
                "dataKey": "7xv16h7qgkrs9b1p",
                "dataIv": "7xv16h7qgkrs9b1p",
                "deviceId": "",
                "version": "",
                "ua": ""
            }
        },
        {
            "key": "爱影",
            "name": "🚦洪宇🚦爱影丨APP",
            "type": 3,
            "quickSearch": 1,
            "api": "csp_AppGet",
            "ext": {
                "url": "https://app.lkdyw.cn",
                "site": "",
                "dataKey": "e65144389e9361b5",
                "dataIv": "e65144389e9361b5",
                "deviceId": "",
                "version": "",
                "ua": ""
            }
        },
        {
            "key": "火狐",
            "name": "🚦洪宇🚦火狐丨APP",
            "type": 3,
            "quickSearch": 1,
            "api": "csp_AppGet",
            "ext": {
                "url": "http://huohu.yihn.cc",
                "site": "",
                "dataKey": "huohushipingetap",
                "dataIv": "huohushipingetap",
                "deviceId": "",
                "version": "140",
                "ua": ""
            }
        },
        {
            "key": "云端",
            "name": "🚦洪宇🚦云端｜APP",
            "type": 3,
            "quickSearch": 1,
            "api": "csp_AppGet",
            "ext": {
                "url": "https://c8k2n5l0i9s8b2m1jj8k2x2l9ff68.ydysapi.cfd:27899",
                "site": "",
                "dataKey": "k9o3p2c8b7m3z0o8",
                "dataIv": "k9o3p2c8b7m3z0o8",
                "deviceId": "",
                "version": ""
            }
        },
        {
            "key": "莱米",
            "name": "🚦洪宇🚦莱米｜APP",
            "type": 3,
            "quickSearch": 1,
            "api": "csp_AppGet",
            "ext": {
                "url": "",
                "site": "http://laiget-1313189639.cos.ap-guangzhou.myqcloud.com/laimi.txt",
                "dataKey": "ce032244d093b3e2",
                "dataIv": "ce032244d093b3e2",
                "deviceId": "",
                "version": ""
            }
        },
        {
            "key": "灵虎",
            "name": "🚦洪宇🚦灵虎｜APP",
            "type": 3,
            "quickSearch": 1,
            "api": "csp_AppGet",
            "ext": {
                "url": "",
                "site": "https://bind.315999.xyz/89.txt",
                "dataKey": "#getapp@TMD@2025",
                "dataIv": "#getapp@TMD@2025",
                "deviceId": "",
                "version": "120"
            }
        },
        {
            "key": "旗星",
            "name": "🚦洪宇🚦旗星｜APP",
            "type": 3,
            "quickSearch": 1,
            "api": "csp_AppGet",
            "ext": {
                "url": "http://ys.qist.top",
                "site": "",
                "dataKey": "2SWSPFxugBLPPOKo",
                "dataIv": "2SWSPFxugBLPPOKo",
                "deviceId": "",
                "version": "120"
            }
        },
        {
            "key": "丫丫",
            "name": "🚦洪宇🚦丫丫｜APP",
            "type": 3,
            "quickSearch": 1,
            "api": "csp_AppGet",
            "ext": {
                "url": "http://tv.yy-fun.cc",
                "dataKey": "qkxnwkfjwpcnwycl",
                "dataIv": "qkxnwkfjwpcnwycl",
                "deviceId": "",
                "version": ""
            }
        },
        {
            "key": "萝卜",
            "name": "🚦洪宇🚦萝卜｜APP",
            "type": 3,
            "quickSearch": 1,
            "api": "csp_AppGet",
            "ext": {
                "url": "https://apiapplbys.lbys.app:5678",
                "dataKey": "apiapplbyskey168",
                "dataIv": "apiapplbyskey168",
                "deviceId": "",
                "version": "107"
            }
        },
        {
            "key": "米兔",
            "name": "🚦洪宇🚦米兔｜APP",
            "type": 3,
            "quickSearch": 1,
            "api": "csp_AppGet",
            "ext": {
                "url": "https://new.tkbot.fun",
                "dataKey": "d032c12876bc6848",
                "dataIv": "d032c12876bc6848",
                "deviceId": "",
                "version": "200"
            }
        },
        {
            "key": "移动",
            "name": "🚦洪宇🚦移动｜APP",
            "type": 3,
            "api": "csp_YD",
            "searchable": 1,
            "quickSearch": 1,
            "style": {
                "type": "list"
            }
        },
        {
            "key": "哔哩视频",
            "name": "🚦洪宇🚦哔哩｜视频",
            "type": 3,
            "api": "csp_BiliYS",
            "searchable": 1,
            "quickSearch": 0,
            "filterable": 0,
            "changeable": 0,
            "style": {
                "type": "rect",
                "ratio": 1.433
            },
            "ext": {
                "json": "./json/哔哩视频.json",
                "cookie": "http://127.0.0.1:9978/file/TVBox/bili_cookie.txt"
            }
        },
        {
            "key": "腾讯视频",
            "name": "🚦洪宇🚦腾讯｜视频",
            "type": 3,
            "api": "./js/drpy2.min.js",
            "ext": "./js/腾讯视频.js"
        },
        {
            "key": "优酷视频",
            "name": "🚦洪宇🚦优酷｜视频",
            "type": 3,
            "api": "./js/drpy2.min.js",
            "ext": "./js/优酷视频.js"
        },
        {
            "key": "芒果视频",
            "name": "🚦洪宇🚦芒果｜视频",
            "type": 3,
            "api": "./js/drpy2.min.js",
            "ext": "./js/芒果视频.js"
        },
        {
            "key": "爱奇艺",
            "name": "🚦洪宇🚦爱奇异｜视频",
            "type": 3,
            "api": "./js/drpy2.min.js",
            "ext": "./js/爱奇艺.js"
        },
        {
            "key": "三六零",
            "name": "🚦洪宇🚦三六零｜视频",
            "type": 3,
            "api": "csp_SP360"
        },
        {
            "key": "小斑快映",
            "name": "🚦洪宇🚦快映｜4K",
            "type": 3,
            "api": "csp_PanWebShare",
            "searchable": 1,
            "quickSearch": 1,
            "filterable": 1,
            "changeable": 1,
            "ext": "./json/xbky.json"
        },
        {
            "key": "玩偶哥哥",
            "name": "🚦洪宇🚦玩偶｜4K",
            "type": 3,
            "api": "csp_PanWebShare",
            "searchable": 1,
            "quickSearch": 1,
            "filterable": 1,
            "changeable": 1,
            "ext": "./json/wogg.json"
        },
        {
            "key": "木偶",
            "name": "🚦洪宇🚦木偶｜4K",
            "type": 3,
            "api": "csp_PanWebShare",
            "searchable": 1,
            "quickSearch": 1,
            "filterable": 1,
            "changeable": 1,
            "ext": "./json/mogg.json"
        },
        {
            "key": "蜡笔",
            "name": "🚦洪宇🚦蜡笔｜4K",
            "type": 3,
            "api": "csp_PanWebShare",
            "searchable": 1,
            "quickSearch": 1,
            "filterable": 1,
            "changeable": 1,
            "ext": "./json/lb.json"
        },
        {
            "key": "至臻",
            "name": "🚦洪宇🚦至臻｜4K",
            "type": 3,
            "api": "csp_PanWebShare",
            "searchable": 1,
            "quickSearch": 1,
            "filterable": 1,
            "changeable": 1,
            "ext": "./json/zz.json"
        },
        {
            "key": "多多",
            "name": "🚦洪宇🚦多多｜4K",
            "type": 3,
            "api": "csp_PanWebShare",
            "searchable": 1,
            "quickSearch": 1,
            "filterable": 1,
            "changeable": 1,
            "ext": "./json/yyds.json"
        },
        {
            "key": "欧哥",
            "name": "🚦洪宇🚦欧哥｜4K",
            "type": 3,
            "api": "csp_PanWebShare",
            "searchable": 1,
            "quickSearch": 1,
            "filterable": 1,
            "changeable": 1,
            "ext": "./json/og.json"
        },
        {
            "key": "二小",
            "name": "🚦洪宇🚦二小｜4K",
            "type": 3,
            "api": "csp_PanWebShare",
            "searchable": 1,
            "quickSearch": 1,
            "filterable": 1,
            "changeable": 1,
            "ext": "./json/ex.json"
        },
        {
            "key": "虎斑",
            "name": "🚦洪宇🚦虎斑｜4K",
            "type": 3,
            "api": "csp_PanWebShare",
            "searchable": 1,
            "quickSearch": 1,
            "filterable": 1,
            "changeable": 1,
            "ext": "./json/hb.json"
        },
        {
            "key": "雷鲸",
            "name": "🚦洪宇🚦雷鲸｜4K",
            "type": 3,
            "api": "csp_PanWebShareCloudLJ",
            "searchable": 1,
            "quickSearch": 1,
            "filterable": 1,
            "changeable": 1,
            "style": {
                "type": "list",
                "ratio": 1.433
            },
            "ext": "./json/lj.json"
        },
        {
            "key": "海绵",
            "name": "🚦洪宇🚦海绵｜4K",
            "type": 3,
            "api": "csp_PanWebShareCloudHM",
            "searchable": 1,
            "quickSearch": 1,
            "filterable": 1,
            "changeable": 1,
            "style": {
                "type": "list",
                "ratio": 1.433
            },
            "ext": "./json/hm.json"
        },
        {
            "key": "夸父",
            "name": "🚦洪宇🚦夸父｜4K",
            "type": 3,
            "api": "csp_PanWebShareCloudKF",
            "searchable": 1,
            "quickSearch": 1,
            "filterable": 1,
            "changeable": 1,
            "style": {
                "type": "list",
                "ratio": 1.433
            },
            "ext": "./json/kf.json"
        },
        {
            "key": "123",
            "name": "🚦洪宇🚦123｜4K",
            "type": 3,
            "api": "csp_PanWebShareCloud123",
            "searchable": 1,
            "quickSearch": 1,
            "filterable": 1,
            "changeable": 1,
            "style": {
                "type": "list",
                "ratio": 1.433
            },
            "ext": "./json/123.json"
        },
        {
            "key": "趣盘",
            "name": "🚦洪宇🚦趣盘｜4K",
            "type": 3,
            "api": "csp_PanWebQu",
            "searchable": 1,
            "quickSearch": 1,
            "filterable": 1,
            "changeable": 1,
            "style": {
                "type": "list",
                "ratio": 1.433
            },
            "ext": {
                "url": "https://www.qupanshe.com"
            }
        },
        {
            "key": "双星",
            "name": "🚦洪宇🚦双星｜4K",
            "type": 3,
            "api": "./js/drpy2.min.js",
            "ext": "./js/双星.js",
            "style": {
                "type": "list"
            }
        },
        {
            "key": "人人",
            "name": "🚦洪宇🚦人人｜4K",
            "type": 3,
            "api": "./js/drpy2.min.js",
            "ext": "./js/人人电影网.js",
            "style": {
                "type": "list"
            }
        },
        {
            "key": "星芽短剧",
            "name": "🚦洪宇🚦星芽｜短剧",
            "type": 3,
            "api": "./py/星芽短剧.py",
            "searchable": 1,
            "changeable": 1,
            "quickSearch": 1,
            "filterable": 1
        },
        {
            "key": "甜圈短剧",
            "name": "🚦洪宇🚦甜圈｜短剧",
            "type": 3,
            "api": "./py/甜圈短剧.py",
            "searchable": 1,
            "changeable": 1,
            "quickSearch": 1,
            "filterable": 1
        },
        {
            "key": "锦鲤短剧",
            "name": "🚦洪宇🚦锦鲤｜短剧",
            "type": 3,
            "api": "./py/锦鲤短剧.py",
            "searchable": 1,
            "changeable": 1,
            "quickSearch": 1,
            "filterable": 1
        },
        {
            "key": "剧王短剧",
            "name": "🚦洪宇🚦剧王｜短剧",
            "type": 3,
            "api": "./py/剧王短剧.py",
            "searchable": 1,
            "changeable": 1,
            "quickSearch": 1,
            "filterable": 1
        },
        {
            "key": "番茄短剧",
            "name": "🚦洪宇🚦番茄｜短剧",
            "type": 3,
            "api": "csp_XBPQ",
            "ext": "./XBPQ/番茄短剧.json"
        },
        {
            "key": "剧屋短剧",
            "name": "🚦洪宇🚦剧屋｜短剧",
            "type": 3,
            "api": "csp_XYQHiker",
            "searchable": 1,
            "quickSearch": 1,
            "filterable": 1,
            "ext": "./XYQHiker/短剧屋.json"
        },
        {
            "key": "天翼影视",
            "name": "🚦洪宇🚦天翼｜影视",
            "type": 1,
            "api": "http://7.qqqtv.top/api.php/provide/vod/",
            "searchable": 1,
            "quickSearch": 1,
            "filterable": 1,
            "categories": [
                "推荐",
                "电影",
                "电视剧",
                "综艺",
                "动漫"
            ]
        },
        {
            "key": "猎手影视",
            "name": "🚦洪宇🚦猎手｜影视",
            "type": 3,
            "api": "./py/猎手影视.py",
            "searchable": 1,
            "changeable": 1,
            "quickSearch": 1,
            "filterable": 1
        },
        {
            "key": "厂长影视",
            "name": "🚦洪宇🚦厂长｜影视",
            "type": 3,
            "playerType": "2",
            "api": "csp_Czsapp",
            "searchable": 1,
            "quickSearch": 1,
            "filterable": 1,
            "ext": "https://www.czzymovie.com/"
        },
        {
            "key": "金牌影视",
            "name": "🚦洪宇🚦金牌｜影视",
            "type": 3,
            "api": "csp_Jpys",
            "ext": "https://m.hkybqufgh.com,https://m.sizhengxt.com,https://m.9zhoukj.com,https://m.sizhengxt.com,https://m.jiabaide.cn"
        },
        {
            "key": "云播影视",
            "name": "🚦洪宇🚦云播｜影视",
            "type": 3,
            "api": "csp_Tvyb",
            "ext": "http://www.viptv01.com"
        },
        {
            "key": "奇优影视",
            "name": "🚦洪宇🚦奇优｜影视",
            "type": 3,
            "api": "csp_Qiyou"
        },
        {
            "key": "苹果影视",
            "name": "🚦洪宇🚦苹果｜影视",
            "type": 3,
            "api": "csp_LiteApple",
            "searchable": 1,
            "quickSearch": 1,
            "filterable": 1
        },
        {
            "key": "全网影视",
            "name": "🚦洪宇🚦全看｜影视",
            "type": 3,
            "api": "csp_Quanwk",
            "ext": "https://www.91qkw.com"
        },
        {
            "key": "饺子影视",
            "name": "🚦洪宇🚦饺子｜影视",
            "type": 3,
            "api": "csp_Jiaozi"
        },
        {
            "key": "低端影视",
            "name": "🚦洪宇🚦低端｜影视",
            "type": 3,
            "api": "csp_Ddys",
            "searchable": 1,
            "quickSearch": 1,
            "filterable": 1
        },
        {
            "key": "瓜子影视",
            "name": "🚦洪宇🚦瓜子｜影视",
            "type": 3,
            "api": "csp_Gz360",
            "searchable": 1,
            "quickSearch": 1,
            "filterable": 1
        },
        {
            "key": "骚火影视",
            "name": "🚦洪宇🚦骚火｜影视",
            "type": 3,
            "api": "csp_SaoHuo",
            "playerType": 2,
            "ext": "https://shdy5.us"
        },
        {
            "key": "农民影视",
            "name": "🚦洪宇🚦农民｜影视",
            "type": 3,
            "api": "csp_Wwys",
            "ext": "https://www.wwgz.cn"
        },
        {
            "key": "爱看机器人",
            "name": "🚦洪宇🚦爱看｜影视",
            "type": 3,
            "api": "csp_Ikanbot",
            "searchable": 1,
            "quickSearch": 1,
            "filterable": 1
        },
        {
            "key": "明星影视",
            "name": "🚦洪宇🚦明星｜影视",
            "type": 3,
            "api": "csp_XBPQ",
            "ext": "./XBPQ/明星影视.json"
        },
        {
            "key": "面包影视",
            "name": "🚦洪宇🚦面包｜影视",
            "type": 3,
            "api": "csp_XBPQ",
            "ext": "./XBPQ/面包影视.json"
        },
        {
            "key": "永乐影视",
            "name": "🚦洪宇🚦永乐｜影视",
            "type": 3,
            "api": "csp_XBPQ",
            "ext": "./XBPQ/永乐影视.json"
        },
        {
            "key": "三九影视",
            "name": "🚦洪宇🚦三九｜影视",
            "type": 3,
            "api": "csp_XBPQ",
            "ext": "./XBPQ/三九影视.json"
        },
        {
            "key": "剧圈圈",
            "name": "🚦洪宇🚦剧圈｜影视",
            "type": 3,
            "api": "./js/drpy2.min.js",
            "ext": "./js/剧圈圈.js"
        },
        {
            "key": "采集之王",
            "name": "🚦洪宇🚦采集｜合集",
            "type": 3,
            "api": "./js/drpy2.min.js",
            "ext": "./js/采集之王.js?type=url&params=../json/采集静态.json$1$1"
        },
        {
            "key": "1905",
            "name": "🚦洪宇🚦1905｜影视",
            "type": 3,
            "api": "csp_Web1905",
            "searchable": 1,
            "quickSearch": 0,
            "filterable": 0
        },
        {
            "key": "哆啦新番社",
            "name": "🚦洪宇🚦哆啦｜新番社",
            "type": 3,
            "api": "csp_XBPQ",
            "style": {
                "type": "list"
            },
            "ext": "./XBPQ/哆啦新番社.json"
        },
        {
            "key": "56动漫",
            "name": "🚦洪宇🚦56｜动漫",
            "type": 3,
            "api": "./js/drpy2.min.js",
            "ext": "./js/56动漫.js"
        },
        {
            "key": "Anime1",
            "name": "🚦洪宇🚦A1｜动漫",
            "type": 3,
            "api": "./js/drpy2.min.js",
            "ext": "./js/Anime1.js"
        },
        {
            "key": "NT动漫",
            "name": "🚦洪宇🚦NT｜动漫",
            "type": 3,
            "api": "./js/drpy2.min.js",
            "ext": "./js/NT动漫.js"
        },
        {
            "key": "漫国",
            "name": "🚦洪宇🚦漫国丨动漫",
            "type": 3,
            "api": "csp_AppSy",
            "ext": {
                "site": "https://dm-1255775577.cos.ap-guangzhou.myqcloud.com/dmg/api.txt",
                "siteKey": "rectangleadsadxa",
                "listKey": "aassddwwxxllsx1x",
                "parsesKey": "aassddwwxxllsx1x"
            }
        },
        {
            "key": "冬日",
            "name": "🚦洪宇🚦冬日丨动漫",
            "type": 3,
            "quickSearch": 1,
            "api": "csp_AppGet",
            "ext": {
                "url": "http://www.drdm.fun",
                "site": "",
                "dataKey": "qE2nD0rL1lH4uP9r",
                "dataIv": "qE2nD0rL1lH4uP9r",
                "deviceId": "",
                "version": "",
                "ua": ""
            }
        },
        {
            "key": "漫屋",
            "name": "🚦洪宇🚦漫屋丨动漫",
            "type": 3,
            "quickSearch": 1,
            "api": "csp_AppGet",
            "ext": {
                "url": "https://www.yunwuee.icu",
                "site": "",
                "dataKey": "ygcnb9bdcmb8aeiw",
                "dataIv": "ygcnb9bdcmb8aeiw",
                "deviceId": "",
                "version": "",
                "ua": ""
            }
        },
        {
            "key": "方舟",
            "name": "🚦洪宇🚦方舟丨动漫",
            "type": 3,
            "quickSearch": 1,
            "api": "csp_AppGet",
            "ext": {
                "url": "https://www.cyfz.vip",
                "site": "",
                "dataKey": "e72cdfd629e8895d",
                "dataIv": "e72cdfd629e8895d",
                "deviceId": "",
                "version": "",
                "ua": ""
            }
        },
        {
            "key": "元咲",
            "name": "🚦洪宇🚦元咲丨动漫",
            "type": 3,
            "quickSearch": 1,
            "api": "csp_AppGet",
            "ext": {
                "url": "http://cic.aicg.fun",
                "site": "",
                "dataKey": "2c4h36abd96se10u",
                "dataIv": "2c4h36abd96se10u",
                "deviceId": "",
                "version": "",
                "ua": ""
            }
        },
        {
            "key": "番薯",
            "name": "🚦洪宇🚦番薯丨动漫",
            "type": 3,
            "quickSearch": 1,
            "api": "csp_AppGet",
            "ext": {
                "url": "https://new.app.bytegooty.com",
                "site": "",
                "dataKey": "N4yj7l7xKxHF4*gz",
                "dataIv": "N4yj7l7xKxHF4*gz",
                "deviceId": "",
                "version": "",
                "ua": ""
            }
        },
        {
            "key": "曼波动漫",
            "name": "🚦洪宇🚦曼波｜动漫",
            "type": 3,
            "quickSearch": 1,
            "api": "csp_AppGet",
            "ext": {
                "url": "https://app.omofun1.top",
                "dataKey": "66dc309cbeeca454",
                "dataIv": "66dc309cbeeca454",
                "deviceId": "",
                "version": ""
            }
        },
        {
            "key": "稀饭动漫",
            "name": "🚦洪宇🚦稀饭｜动漫",
            "type": 3,
            "quickSearch": 1,
            "api": "csp_AppGet",
            "ext": {
                "url": "",
                "site": "https://xfapp-1305390065.cos.ap-guangzhou.myqcloud.com/getapp.txt",
                "dataKey": "1yZ2Spn9krnzVKoC",
                "dataIv": "1yZ2Spn9krnzVKoC",
                "deviceId": "",
                "version": ""
            }
        },
        {
            "key": "咕咕动漫",
            "name": "🚦洪宇🚦咕咕｜动漫",
            "type": 3,
            "quickSearch": 1,
            "api": "csp_AppGet",
            "ext": {
                "url": "https://www.gugu3.com",
                "dataKey": "nKfZ8KX6JTNWRzTD",
                "dataIv": "nKfZ8KX6JTNWRzTD",
                "deviceId": "",
                "version": ""
            }
        },
        {
            "key": "派对动漫",
            "name": "🚦洪宇🚦派对｜动漫",
            "type": 3,
            "quickSearch": 1,
            "api": "csp_AppGet",
            "ext": {
                "url": "https://qjappcms.acg.party",
                "dataKey": "AmtMYFCJDPoTlK7z",
                "dataIv": "AmtMYFCJDPoTlK7z",
                "deviceId": "",
                "version": ""
            }
        },
        {
            "key": "米饭",
            "name": "🚦洪宇🚦米饭｜动漫",
            "type": 3,
            "quickSearch": 1,
            "api": "csp_AppGet",
            "ext": {
                "url": "https://get.mymifun.com",
                "site": "",
                "dataKey": "GETMIFUNGEIMIFUN",
                "dataIv": "GETMIFUNGEIMIFUN",
                "deviceId": "",
                "version": ""
            }
        },
        {
            "key": "樱花动漫",
            "name": "🚦洪宇🚦樱花｜动漫",
            "type": 3,
            "api": "csp_XBPQ",
            "ext": "./XBPQ/樱花动漫.json"
        },
        {
            "key": "巴士动漫",
            "name": "🚦洪宇🚦巴士｜动漫",
            "type": 3,
            "api": "csp_XYQHiker",
            "ext": "./XYQHiker/巴士动漫.json"
        },
        {
            "key": "好看动漫",
            "name": "🚦洪宇🚦好看｜动漫",
            "type": 3,
            "api": "./js/drpy2.min.js",
            "ext": "./js/好看动漫.js"
        },
        {
            "key": "奇米动漫",
            "name": "🚦洪宇🚦奇米｜动漫",
            "type": 3,
            "api": "./js/drpy2.min.js",
            "ext": "./js/奇米动漫.js"
        },
        {
            "key": "花子动漫",
            "name": "🚦洪宇🚦花子｜动漫",
            "type": 3,
            "api": "./js/drpy2.min.js",
            "ext": "./js/花子动漫.js"
        },
        {
            "key": "动画片",
            "name": "🚦洪宇🚦动画片｜动漫",
            "type": 3,
            "api": "./js/drpy2.min.js",
            "ext": "./js/动画片大全.js"
        },
        {
            "key": "路漫漫",
            "name": "🚦洪宇🚦路漫漫｜动漫",
            "type": 3,
            "api": "./js/drpy2.min.js",
            "ext": "./js/路漫漫.js"
        },
        {
            "key": "动漫岛",
            "name": "🚦洪宇🚦动漫岛｜动漫",
            "type": 3,
            "api": "./js/drpy2.min.js",
            "ext": "./js/动漫岛.js"
        },
        {
            "key": "去看吧",
            "name": "🚦洪宇🚦去看吧｜动漫",
            "type": 3,
            "api": "./js/drpy2.min.js",
            "ext": "./js/去看吧.js"
        },
        {
            "key": "异世界",
            "name": "🚦洪宇🚦异世界｜动漫",
            "type": 3,
            "api": "./js/drpy2.min.js",
            "ext": "./js/异世界.js"
        },
        {
            "key": "荐片",
            "name": "🚦洪宇🚦荐片｜磁力",
            "api": "csp_Jianpian",
            "type": 3,
            "ext": "https://api.ztcgi.com"
        },
        {
            "key": "修罗",
            "name": "🚦洪宇🚦修罗｜磁力",
            "api": "csp_Xlys",
            "type": 3,
            "ext": "https://xl01.com.de"
        },
        {
            "key": "七味",
            "name": "🚦洪宇🚦七味｜磁力",
            "type": 3,
            "api": "csp_QnMp4",
            "searchable": 1,
            "quickSearch": 1,
            "filterable": 1,
            "ext": {
                "url": "https://www.pkmp4.xyz,https://www.qwnull.com,https://www.qwmkv.com,https://www.qwfilm.com,https://www.qnmp4.com,https://www.qnnull.com,https://www.qnhot.com"
            }
        },
        {
            "key": "80S",
            "name": "🚦洪宇🚦80S｜磁力",
            "type": 3,
            "api": "csp_BLSGod",
            "playerType": 1,
            "searchable": 1,
            "quickSearch": 1,
            "filterable": 1
        },
        {
            "key": "New6v",
            "name": "🚦洪宇🚦New6V｜磁力",
            "type": 3,
            "api": "csp_New6v",
            "searchable": 1,
            "quickSearch": 1,
            "filterable": 1,
            "ext": "https://www.xb6v.com"
        },
        {
            "key": "美剧迷",
            "name": "🚦洪宇🚦美剧迷｜磁力",
            "type": 3,
            "api": "csp_MeijuMi",
            "searchable": 1,
            "quickSearch": 1,
            "filterable": 1
        },
        {
            "key": "迅雷吧",
            "name": "🚦洪宇🚦迅雷吧｜磁力",
            "type": 3,
            "api": "csp_Xunlei8",
            "searchable": 1,
            "quickSearch": 1,
            "filterable": 1
        },
        {
            "key": "电影港",
            "name": "🚦洪宇🚦电影港｜磁力",
            "type": 3,
            "api": "csp_XYQHiker",
            "searchable": 1,
            "quickSearch": 1,
            "filterable": 1,
            "ext": "./XYQHiker/电影港.json"
        },
        {
            "key": "狐狸君",
            "name": "🚦洪宇🚦狐狸君｜磁力",
            "type": 3,
            "api": "csp_XBPQ",
            "changeable": 1,
            "searchable": 1,
            "quickSearch": 1,
            "filterable": 1,
            "ext": "./XBPQ/狐狸君.json"
        },
        {
            "key": "Mp4电影",
            "name": "🚦洪宇🚦Mp4电影｜磁力",
            "type": 3,
            "api": "csp_Mp4Mov",
            "searchable": 1,
            "quickSearch": 1,
            "filterable": 1
        },
        {
            "key": "美剧天堂",
            "name": "🚦洪宇🚦美剧天堂｜磁力",
            "type": 3,
            "api": "csp_MeijuTT",
            "searchable": 1,
            "quickSearch": 1,
            "filterable": 1
        },
        {
            "key": "电影天堂",
            "name": "🚦洪宇🚦电影天堂｜磁力",
            "type": 3,
            "api": "csp_DyGod",
            "searchable": 1,
            "quickSearch": 1,
            "filterable": 1
        },
        {
            "key": "夸克云盘",
            "name": "🚦洪宇🚦我的｜夸克",
            "type": 3,
            "api": "csp_PanQuark",
            "searchable": 0,
            "filterable": 0,
            "changeable": 0,
            "style": {
                "type": "list",
                "ratio": 1.433
            },
            "ext": "./json/quarkShare.json"
        },
        {
            "key": "UC云盘",
            "name": "🚦洪宇🚦我的｜UC",
            "type": 3,
            "api": "csp_PanUc",
            "searchable": 0,
            "filterable": 0,
            "changeable": 0,
            "style": {
                "type": "list",
                "ratio": 1.433
            },
            "ext": "./json/ucShare.json"
        },
        {
            "key": "百度云盘",
            "name": "🚦洪宇🚦我的｜百度",
            "type": 3,
            "api": "csp_PanBaiDu",
            "searchable": 0,
            "filterable": 0,
            "changeable": 0,
            "style": {
                "type": "list",
                "ratio": 1.433
            }
        },
        {
            "key": "糖果",
            "name": "🚦洪宇🚦糖果｜搜索",
            "type": 3,
            "api": "csp_TGSou",
            "searchable": 1,
            "quickSearch": 1,
            "filterable": 1
        },
        {
            "key": "夸克盘搜",
            "name": "🚦洪宇🚦夸克｜搜索",
            "type": 3,
            "api": "csp_PanSou",
            "searchable": 1,
            "quickSearch": 1,
            "filterable": 1,
            "ext": {
                "cloudDrives": "quark"
            }
        },
        {
            "key": "UC盘搜",
            "name": "🚦洪宇🚦UC｜搜索",
            "type": 3,
            "api": "csp_PanSou",
            "searchable": 1,
            "quickSearch": 1,
            "filterable": 1,
            "ext": {
                "cloudDrives": "uc"
            }
        },
        {
            "key": "天翼盘搜",
            "name": "🚦洪宇🚦天翼｜搜索",
            "type": 3,
            "api": "csp_PanSou",
            "searchable": 1,
            "quickSearch": 1,
            "filterable": 1,
            "ext": {
                "cloudDrives": "tianyi"
            }
        },
        {
            "key": "123盘搜",
            "name": "🚦洪宇🚦123｜搜索",
            "type": 3,
            "api": "csp_PanSou",
            "searchable": 1,
            "quickSearch": 1,
            "filterable": 1,
            "ext": {
                "cloudDrives": "123"
            }
        },
        {
            "key": "百度盘搜",
            "name": "🚦洪宇🚦百度｜搜索",
            "type": 3,
            "api": "csp_PanSou",
            "searchable": 1,
            "quickSearch": 1,
            "filterable": 1,
            "ext": {
                "cloudDrives": "baidu"
            }
        },
        {
            "key": "百酷",
            "name": "🚦洪宇🚦百酷｜搜索",
            "type": 3,
            "api": "csp_Baiku"
        },
        {
            "key": "米搜",
            "name": "🚦洪宇🚦米搜｜搜索",
            "type": 3,
            "api": "csp_MiSou"
        },
        {
            "key": "酷乐搜索",
            "name": "🚦洪宇🚦酷乐｜搜索",
            "type": 3,
            "api": "csp_KuLe"
        },
        {
            "key": "爱看搜索",
            "name": "🚦洪宇🚦爱看｜搜索",
            "type": 3,
            "api": "csp_AiKan"
        },
        {
            "key": "鬼鬼搜索",
            "name": "🚦洪宇🚦鬼鬼｜搜索",
            "type": 3,
            "api": "csp_GuiGui"
        },
        {
            "key": "AList",
            "name": "🚦洪宇🚦AList｜合集",
            "type": 3,
            "api": "csp_Alist",
            "searchable": 1,
            "filterable": 1,
            "changeable": 0,
            "style": {
                "type": "list"
            },
            "ext": "./json/alist.json"
        },
        {
            "key": "88看球",
            "name": "🚦洪宇🚦88｜看球",
            "type": 3,
            "api": "csp_Kanqiu",
            "gridview": 3,
            "style": {
                "type": "list"
            }
        },
        {
            "key": "戏曲多多",
            "name": "🚦洪宇🚦戏曲｜多多",
            "type": 3,
            "api": "csp_AppLY",
            "searchable": 1,
            "quickSearch": 1,
            "filterable": 1
        },
        {
            "key": "网络直播",
            "name": "🚦洪宇🚦网络｜直播",
            "type": 3,
            "api": "./py/网络直播.py"
        },
        {
            "key": "哔哩直播",
            "name": "🚦洪宇🚦哔哩｜直播",
            "type": 3,
            "api": "./py/哔哩直播.py"
        },
        {
            "key": "哔哩合集",
            "name": "🚦洪宇🚦哔哩｜合集",
            "type": 3,
            "api": "csp_Bili",
            "searchable": 1,
            "quickSearch": 0,
            "filterable": 0,
            "changeable": 0,
            "style": {
                "type": "rect",
                "ratio": 1.433
            },
            "ext": {
                "json": "./json/哔哩合集.json",
                "cookie": "http://127.0.0.1:9978/file/TVBox/bili_cookie.txt"
            }
        },
        {
            "key": "哔哩哔哩演唱会",
            "name": "🚦洪宇🚦哔哩｜音乐",
            "type": 3,
            "api": "csp_Bili",
            "searchable": 0,
            "quickSearch": 0,
            "filterable": 0,
            "ext": {
                "cookie": "http://127.0.0.1:9978/file/TVBox/bili_cookie.txt",
                "json": "./json/哔哩哔哩演唱会.json"
            },
            "style": {
                "type": "rect",
                "ratio": 1.597
            }
        },
        {
            "key": "哔哩哔哩听书",
            "name": "🚦洪宇🚦哔哩｜听书",
            "type": 3,
            "api": "csp_Bili",
            "searchable": 0,
            "quickSearch": 0,
            "filterable": 0,
            "ext": {
                "cookie": "http://127.0.0.1:9978/file/TVBox/bili_cookie.txt",
                "json": "./json/哔哩哔哩听书.json"
            },
            "style": {
                "type": "rect",
                "ratio": 1.597
            }
        },
        {
            "key": "哔哩哔哩相声",
            "name": "🚦洪宇🚦哔哩｜相声",
            "type": 3,
            "api": "csp_Bili",
            "searchable": 0,
            "quickSearch": 0,
            "filterable": 0,
            "ext": {
                "cookie": "http://127.0.0.1:9978/file/TVBox/bili_cookie.txt",
                "json": "./json/哔哩哔哩相声.json"
            },
            "style": {
                "type": "rect",
                "ratio": 1.597
            }
        },
        {
            "key": "哔哩哔哩小品",
            "name": "🚦洪宇🚦哔哩｜小品",
            "type": 3,
            "api": "csp_Bili",
            "searchable": 0,
            "quickSearch": 0,
            "filterable": 0,
            "ext": {
                "cookie": "http://127.0.0.1:9978/file/TVBox/bili_cookie.txt",
                "json": "./json/哔哩哔哩小品.json"
            },
            "style": {
                "type": "rect",
                "ratio": 1.597
            }
        },
        {
            "key": "哔哩哔哩戏曲",
            "name": "🚦洪宇🚦哔哩｜戏曲",
            "type": 3,
            "api": "csp_Bili",
            "searchable": 0,
            "quickSearch": 0,
            "filterable": 0,
            "ext": {
                "cookie": "http://127.0.0.1:9978/file/TVBox/bili_cookie.txt",
                "json": "./json/哔哩哔哩戏曲.json"
            },
            "style": {
                "type": "rect",
                "ratio": 1.597
            }
        },
        {
            "key": "少儿教育",
            "name": "🚦洪宇🚦少儿｜教育",
            "type": 3,
            "api": "csp_Bili",
            "searchable": 0,
            "quickSearch": 0,
            "filterable": 1,
            "ext": {
                "json": "./json/少儿教育.json",
                "cookie": "http://127.0.0.1:9978/file/TVBox/bili_cookie.txt"
            },
            "style": {
                "type": "rect",
                "ratio": 1.597
            }
        },
        {
            "key": "小学课堂",
            "name": "🚦洪宇🚦小学｜课堂",
            "type": 3,
            "api": "csp_Bili",
            "searchable": 0,
            "quickSearch": 0,
            "filterable": 1,
            "ext": {
                "json": "./json/小学课堂.json",
                "cookie": "http://127.0.0.1:9978/file/TVBox/bili_cookie.txt"
            },
            "style": {
                "type": "rect",
                "ratio": 1.597
            }
        },
        {
            "key": "初中课堂",
            "name": "🚦洪宇🚦初中｜课堂",
            "type": 3,
            "api": "csp_Bili",
            "searchable": 0,
            "quickSearch": 0,
            "filterable": 1,
            "ext": {
                "json": "./json/初中课堂.json",
                "cookie": "http://127.0.0.1:9978/file/TVBox/bili_cookie.txt"
            },
            "style": {
                "type": "rect",
                "ratio": 1.597
            }
        },
        {
            "key": "高中课堂",
            "name": "🚦洪宇🚦高中｜课堂",
            "type": 3,
            "api": "csp_Bili",
            "searchable": 0,
            "quickSearch": 0,
            "filterable": 1,
            "ext": {
                "json": "./json/高中课堂.json",
                "cookie": "http://127.0.0.1:9978/file/TVBox/bili_cookie.txt"
            },
            "style": {
                "type": "rect",
                "ratio": 1.597
            }
        },
        {
            "key": "急救教学",
            "name": "🚦洪宇🚦急救｜教学",
            "type": 3,
            "api": "csp_FirstAid",
            "searchable": 0,
            "quickSearch": 0,
            "changeable": 0,
            "style": {
                "type": "rect",
                "ratio": 3.8
            },
            "gridview": "0-0-4.1"
        },
        {
            "key": "养生堂",
            "name": "🚦洪宇🚦养生｜知识",
            "type": 3,
            "api": "csp_XBPQ",
            "ext": "./XBPQ/养生堂.json",
            "style": {
                "type": "rect",
                "ratio": 1.597
            }
        },
        {
            "key": "版本信息",
            "name": "🚦洪宇🚦版本｜信息",
            "type": 3,
            "api": "csp_Market",
            "searchable": 0,
            "changeable": 0,
            "indexs": 0,
            "ext": "https://pizazz.s3.bitiful.net/single.json"
        },






        {"jar":"https://daili.korice.eu.org/https://raw.githubusercontent.com/vvvvzhy/vvvzhy/refs/heads/yu/0924/1993.jar",
        "key":"YU_Market",
        "name":"📢洪宇┃网络应用商店",
        "type":3,"api":"csp_Market",
        "searchable":0,
        "changeable":0,
        "ext":"https://daili.korice.eu.org/https://raw.githubusercontent.com/vvvvzhy/vvvzhy/refs/heads/yu/0924/0924.json"},

        
    {
      "key": "csp_XYQHiker_网络虎牙直播",
      "name": "🎧洪宇┃网络虎牙",
      "type": 3,
      "api": "csp_XYQHiker",
      "searchable": 1,
      "quickSearch": 0,
      "filterable": 0,
      "jar": "https://daili.korice.eu.org/https://raw.githubusercontent.com/vvvvzhy/vvvzhy/refs/heads/yu/0924/custom_spider.jar;md5;e6f46d10150d782fcb10ef179bab3f47",
      "ext": "https://daili.korice.eu.org/https://raw.githubusercontent.com/vvvvzhy/vvvzhy/refs/heads/yu/0924/网络虎牙直播.json"
    },

    {
      "key": "csp_XYQHiker_网络斗鱼直播",
      "name": "🎧洪宇┃网络斗鱼",
      "type": 3,
      "api": "csp_XYQHiker",
      "searchable": 1,
      "quickSearch": 0,
      "filterable": 0,
      "jar": "https://daili.korice.eu.org/https://raw.githubusercontent.com/vvvvzhy/vvvzhy/refs/heads/yu/0924/custom_spider.jar;md5;e6f46d10150d782fcb10ef179bab3f47",
      "ext": "https://daili.korice.eu.org/https://raw.githubusercontent.com/vvvvzhy/vvvzhy/refs/heads/yu/0924/网络斗鱼直播.json"
    },
    
    
    
    
        {
            "key": "push_agent",
            "name": "🚦洪宇🚦手机｜推送",
            "type": 3,
            "api": "csp_Push",
            "searchable": 0,
            "filterable": 0,
            "changeable": 0
        }
    ],
    "parses": [
        {
            "name": "🚦洪宇🚦无上",
            "type": "1",
            "url": "https://mfjx.iwsyy.xyz/?url=",
            "ext": {
                "flag": [
                    "qq",
                    "腾讯",
                    "qiyi",
                    "爱奇艺",
                    "奇艺",
                    "youku",
                    "优酷",
                    "sohu",
                    "搜狐",
                    "letv",
                    "乐视",
                    "mgtv",
                    "芒果",
                    "tnmb",
                    "seven",
                    "bilibili",
                    "1905"
                ],
                "header": {
                    "User-Agent": "okhttp/4.9.1"
                }
            }
        },
        {
            "name": "🚦洪宇🚦巧计",
            "type": 1,
            "url": "https://zy.qiaoji8.com/xiafan.php?url=",
            "ext": {
                "flag": [
                    "QD4K",
                    "iyf",
                    "duanju",
                    "gzcj",
                    "GTV",
                    "GZYS",
                    "weggz",
                    "Ace"
                ],
                "header": {
                    "User-Agent": "okhttp/4.9.1"
                }
            }
        },
        {
            "name": "🚦洪宇🚦咸鱼",
            "type": 0,
            "url": "https://jx.xymp4.cc/?url=",
            "ext": {
                "header": {
                    "user-agent": "Mozilla/5.0 (X11; Linux x86_64) AppleWebKit/537.36 (KHTML, like Gecko) Chrome/134.0.0.0 Safari/537.36 Edg/134.0.3124.68"
                }
            }
        },
        {
            "name": "🚦洪宇🚦虾米",
            "type": 0,
            "url": "https://jx.xmflv.com/?url=",
            "ext": {
                "header": {
                    "user-agent": "Mozilla/5.0 (Windows NT 10.0; Win64; x64) AppleWebKit/537.36 (KHTML, like Gecko) Chrome/110.0.0.0 Safari/537.36 Edg/110.0.1587.57"
                }
            }
        },
        {
            "name": "🚦洪宇🚦淘片",
            "type": 0,
            "url": "https://jx.yparse.com/index.php?url=",
            "ext": {
                "header": {
                    "user-agent": "Mozilla/5.0 (Linux; Android 13; V2049A Build/TP1A.220624.014; wv) AppleWebKit/537.36 (KHTML, like Gecko) Version/4.0 Chrome/116.0.0.0 Mobile Safari/537.36"
                }
            }
        },
        {
            "name": "🚦洪宇🚦冰豆",
            "type": 0,
            "url": "https://bd.jx.cn/?url=",
            "ext": {
                "header": {
                    "user-agent": "Mozilla/5.0 (Linux; Android 13; V2049A Build/TP1A.220624.014; wv) AppleWebKit/537.36 (KHTML, like Gecko) Version/4.0 Chrome/116.0.0.0 Mobile Safari/537.36"
                }
            }
        },
        {
            "name": "🚦洪宇🚦七七",
            "type": 0,
            "url": "https://jx.77flv.cc/?url=",
            "ext": {
                "header": {
                    "user-agent": "Mozilla/5.0 (Linux; Android 13; V2049A Build/TP1A.220624.014; wv) AppleWebKit/537.36 (KHTML, like Gecko) Version/4.0 Chrome/116.0.0.0 Mobile Safari/537.36"
                }
            }
        },
        {
            "name": "🚦洪宇🚦盘古",
            "type": 0,
            "url": "https://www.playm3u8.cn/jiexi.php?url=",
            "ext": {
                "header": {
                    "user-agent": "Mozilla/5.0 (Linux; Android 13; V2049A Build/TP1A.220624.014; wv) AppleWebKit/537.36 (KHTML, like Gecko) Version/4.0 Chrome/116.0.0.0 Mobile Safari/537.36"
                }
            }
        },
        {
            "name": "🚦洪宇🚦夜幕",
            "type": 0,
            "url": "https://yemu.xyz/?url=",
            "ext": {
                "header": {
                    "user-agent": "Mozilla/5.0 (Linux; Android 13; V2049A Build/TP1A.220624.014; wv) AppleWebKit/537.36 (KHTML, like Gecko) Version/4.0 Chrome/116.0.0.0 Mobile Safari/537.36"
                }
            }
        }
    ],
    "rules": [
        {
            "name": "🚦洪宇🚦量子非凡",
            "hosts": [
                "lz",
                "vip.lz",
                "v.cdnlz",
                "hd.lz",
                "ffzy",
                "vip.ffzy",
                "hd.ffzy"
            ],
            "regex": [
                "#EXT-X-DISCONTINUITY\r*\n*#EXTINF:6.666667,[\\s\\S]*?#EXT-X-DISCONTINUITY",
                "#EXT-X-DISCONTINUITY\r*\n*#EXTINF:6.600000,[\\s\\S]*?#EXT-X-DISCONTINUITY"
            ]
        },
        {
            "name": "🚦洪宇🚦索尼",
            "hosts": [
                "suonizy",
                "qrssv.com"
            ],
            "regex": [
                "15.1666",
                "15.2666"
            ]
        },
        {
            "name": "🚦洪宇🚦乐视",
            "hosts": [
                "leshiyun"
            ],
            "regex": [
                "15.92"
            ]
        },
        {
            "name": "🚦洪宇🚦优质",
            "hosts": [
                "yzzy",
                "playback"
            ],
            "regex": [
                "16.63",
                "18.66",
                "17.66",
                "19.13"
            ]
        },
        {
            "name": "🚦洪宇🚦快看",
            "hosts": [
                "kuaikan",
                "vip.kuaikan"
            ],
            "regex": [
                "15.32",
                "15.231",
                "18.066"
            ]
        },
        {
            "name": "🚦洪宇🚦360",
            "hosts": [
                "lyhuicheng"
            ],
            "regex": [
                "#EXTINF.*?\\s+.*?hrz8QcR9.*?\\.ts\\s+",
                "#EXT-X-KEY:METHOD=NONE[\\s\\S]*?#EXT-X-DISCONTINUITY"
            ]
        },
        {
            "name": "🚦洪宇🚦开源棋牌",
            "hosts": [
                "askzycdn",
                "jkunbf",
                "bfikuncdn",
                "bfaskcdn"
            ],
            "regex": [
                "#EXT-X-KEY:METHOD=NONE\r*\n*#EXTINF:5,[\\s\\S]*?#EXT-X-DISCONTINUITY",
                "#EXT-X-KEY:METHOD=AES-128,URI=\"[^\"]+\"\r*\n*#EXTINF:3.333,[\\s\\S]*?#EXT-X-DISCONTINUITY"
            ]
        },
        {
            "name": "🚦洪宇🚦暴风",
            "hosts": [
                "bfengbf.com",
                "bfzy",
                "c1"
            ],
            "regex": [
                "#EXTINF.*?\\s+.*?adjump.*?\\.ts\\s+",
                "#EXT-X-DISCONTINUITY\r*\n*#EXTINF:3,[\\s\\S]*?#EXT-X-DISCONTINUITY"
            ]
        },
        {
            "name": "🚦洪宇🚦农民",
            "hosts": [
                "toutiaovod.com"
            ],
            "regex": [
                "video/tos/cn"
            ]
        },
        {
            "name": "🚦洪宇🚦火山",
            "hosts": [
                "huoshan.com"
            ],
            "regex": [
                "item_id="
            ]
        },
        {
            "name": "🚦洪宇🚦抖音",
            "hosts": [
                "douyin.com"
            ],
            "regex": [
                "is_play_url="
            ]
        },
        {
            "name": "🚦洪宇🚦磁力广告",
            "hosts": [
                "magnet"
            ],
            "regex": [
                "更多",
                "请访问",
                "example",
                "社 區",
                "x u u",
                "直 播",
                "更 新",
                "社 区",
                "有趣",
                "有 趣",
                "英皇体育",
                "全中文AV在线",
                "澳门皇冠赌场",
                "哥哥快来",
                "美女荷官",
                "裸聊",
                "新片首发",
                "UUE29"
            ]
        },
        {
            "name": "🚦洪宇🚦饭团点击",
            "hosts": [
                "dadagui",
                "freeok",
                "dadagui"
            ],
            "script": [
                "document.querySelector(\"#playleftiframe\").contentWindow.document.querySelector(\"#start\").click();"
            ]
        },
        {
            "name": "🚦洪宇🚦毛驴点击",
            "hosts": [
                "www.maolvys.com"
            ],
            "script": [
                "document.getElementsByClassName('swal-buttonswal-button--confirm')[0].click()"
            ]
        }
    ],
    "doh": [
        {
            "name": "🚦洪宇🚦Google",
            "url": "https://dns.google/dns-query",
            "ips": [
                "8.8.4.4",
                "8.8.8.8"
            ]
        },
        {
            "name": "🚦洪宇🚦Cloudflare",
            "url": "https://cloudflare-dns.com/dns-query",
            "ips": [
                "1.1.1.1",
                "1.0.0.1",
                "2606:4700:4700::1111",
                "2606:4700:4700::1001"
            ]
        },
        {
            "name": "🚦洪宇🚦AdGuard",
            "url": "https://dns.adguard.com/dns-query",
            "ips": [
                "94.140.14.140",
                "94.140.14.141"
            ]
        },
        {
            "name": "🚦洪宇🚦DNSWatch",
            "url": "https://resolver2.dns.watch/dns-query",
            "ips": [
                "84.200.69.80",
                "84.200.70.40"
            ]
        },
        {
            "name": "🚦洪宇🚦Quad9",
            "url": "https://dns.quad9.net/dns-quer",
            "ips": [
                "9.9.9.9",
                "149.112.112.112"
            ]
        }
    ],
    "hosts": [
        "cache.ott.*.itv.cmvideo.cn=base-v4-free-mghy.e.cdn.chinamobile.com",
        "cache.ott.ystenlive.itv.cmvideo.cn=base-v4-free-mghy.e.cdn.chinamobile.com",
        "cache.ott.bestlive.itv.cmvideo.cn=base-v4-free-mghy.e.cdn.chinamobile.com",
        "cache.ott.wasulive.itv.cmvideo.cn=base-v4-free-mghy.e.cdn.chinamobile.com",
        "cache.ott.fifalive.itv.cmvideo.cn=base-v4-free-mghy.e.cdn.chinamobile.com",
        "cache.ott.hnbblive.itv.cmvideo.cn=base-v4-free-mghy.e.cdn.chinamobile.com"
    ],
    "flags": [
        "youku",
        "优酷",
        "优 酷",
        "优酷视频",
        "qq",
        "腾讯",
        "腾 讯",
        "腾讯视频",
        "iqiyi",
        "qiyi",
        "奇艺",
        "爱奇艺",
        "爱 奇 艺",
        "m1905",
        "xigua",
        "letv",
        "leshi",
        "乐视",
        "乐 视",
        "sohu",
        "搜狐",
        "搜 狐",
        "搜狐视频",
        "tudou",
        "pptv",
        "mgtv",
        "芒果",
        "imgo",
        "芒果TV",
        "芒 果 T V",
        "bilibili",
        "哔 哩",
        "哔 哩 哔 哩"
    ],
    "ijk": [
        {
            "group": "软解码",
            "options": [
                {
                    "category": 4,
                    "name": "🚦洪宇🚦opensles",
                    "value": "0"
                },
                {
                    "category": 4,
                    "name": "🚦洪宇🚦overlay-format",
                    "value": "842225234"
                },
                {
                    "category": 4,
                    "name": "🚦洪宇🚦framedrop",
                    "value": "1"
                },
                {
                    "category": 4,
                    "name": "🚦洪宇🚦soundtouch",
                    "value": "1"
                },
                {
                    "category": 4,
                    "name": "🚦洪宇🚦start-on-prepared",
                    "value": "1"
                },
                {
                    "category": 1,
                    "name": "🚦洪宇🚦http-detect-range-support",
                    "value": "0"
                },
                {
                    "category": 1,
                    "name": "🚦洪宇🚦fflags",
                    "value": "fastseek"
                },
                {
                    "category": 2,
                    "name": "🚦洪宇🚦skip_loop_filter",
                    "value": "48"
                },
                {
                    "category": 4,
                    "name": "🚦洪宇🚦reconnect",
                    "value": "1"
                },
                {
                    "category": 4,
                    "name": "🚦洪宇🚦enable-accurate-seek",
                    "value": "0"
                },
                {
                    "category": 4,
                    "name": "🚦洪宇🚦mediacodec",
                    "value": "0"
                },
                {
                    "category": 4,
                    "name": "🚦洪宇🚦mediacodec-auto-rotate",
                    "value": "0"
                },
                {
                    "category": 4,
                    "name": "🚦洪宇🚦mediacodec-handle-resolution-change",
                    "value": "0"
                },
                {
                    "category": 4,
                    "name": "🚦洪宇🚦mediacodec-hevc",
                    "value": "0"
                },
                {
                    "category": 1,
                    "name": "🚦洪宇🚦dns_cache_timeout",
                    "value": "600000000"
                }
            ]
        },
        {
            "group": "硬解码",
            "options": [
                {
                    "category": 4,
                    "name": "🚦洪宇🚦opensles",
                    "value": "0"
                },
                {
                    "category": 4,
                    "name": "🚦洪宇🚦overlay-format",
                    "value": "842225234"
                },
                {
                    "category": 4,
                    "name": "🚦洪宇🚦framedrop",
                    "value": "1"
                },
                {
                    "category": 4,
                    "name": "🚦洪宇🚦soundtouch",
                    "value": "1"
                },
                {
                    "category": 4,
                    "name": "🚦洪宇🚦start-on-prepared",
                    "value": "1"
                },
                {
                    "category": 1,
                    "name": "🚦洪宇🚦http-detect-range-support",
                    "value": "0"
                },
                {
                    "category": 1,
                    "name": "🚦洪宇🚦fflags",
                    "value": "fastseek"
                },
                {
                    "category": 2,
                    "name": "🚦洪宇🚦skip_loop_filter",
                    "value": "48"
                },
                {
                    "category": 4,
                    "name": "🚦洪宇🚦reconnect",
                    "value": "1"
                },
                {
                    "category": 4,
                    "name": "🚦洪宇🚦enable-accurate-seek",
                    "value": "0"
                },
                {
                    "category": 4,
                    "name": "🚦洪宇🚦mediacodec",
                    "value": "1"
                },
                {
                    "category": 4,
                    "name": "🚦洪宇🚦mediacodec-auto-rotate",
                    "value": "1"
                },
                {
                    "category": 4,
                    "name": "🚦洪宇🚦mediacodec-handle-resolution-change",
                    "value": "1"
                },
                {
                    "category": 4,
                    "name": "🚦洪宇🚦mediacodec-hevc",
                    "value": "1"
                },
                {
                    "category": 1,
                    "name": "🚦洪宇🚦dns_cache_timeout",
                    "value": "600000000"
                }
            ]
        }
    ],
    "ads": [
        "static-mozai.4gtv.tv"
    ]

}

