{"spider":"./yt.jar","logo":"./HYTV.png",




"sites":[



         {
        "key": "live-sex",
        "name": "vvvvzhy/vvvzhy┃🍓直播电视┃",
        "type": 3,
        "api": "https://daili.korice.eu.org/https://raw.githubusercontent.com/vvvvzhy/vvvzhy/refs/heads/yu/0924/apiv.js",
        "ext":"https://daili.korice.eu.org/https://raw.githubusercontent.com/vvvvzhy/vvvzhy/refs/heads/yu/0924/txt.txt"
    },  
      {
        "key": "csp_Live2Vod_22",
        "name": "vvvvzhy/vvvzhy┃🍓网络电视┃",
        "type": 3,
        "api": "https://daili.korice.eu.org/https://raw.githubusercontent.com/vvvvzhy/vvvzhy/refs/heads/yu/0924/直播vod.js",
        "jar": "https://daili.korice.eu.org/https://raw.githubusercontent.com/vvvvzhy/vvvzhy/refs/heads/yu/0924/candymuj.jar",
        "searchable": 0,
        "quickSearch": 0,
        "filterable": 0,
        "ext":"https://daili.korice.eu.org/https://raw.githubusercontent.com/vvvvzhy/vvvzhy/refs/heads/yu/0924/json.json"
      

},


         {
        "key": "live-sex02",
        "name": "┃🍓码云电视┃",
        "type": 3,
        "api": "https://gitee.com/yu_shan_fei/vvvzhy/raw/zby/yu/apiv.js",
        "ext":"https://gitee.com/yu_shan_fei/vvvzhy/raw/zby/yu/txt.txt"
    },  
         {
        "key": "live-sex01",
        "name": "本地┃🍓直播电视┃",
        "type": 3,
        "api": "./0924/apiv.js",
        "ext":"./0924/txt.txt"
    },  
      {
        "key": "csp_Live2Vod_2",
        "name": "本地┃🍓网络电视┃",
        "type": 3,
        "api": "./0924/直播vod.js",
        "jar": "./0924/candymuj.jar",
        "searchable": 0,
        "quickSearch": 0,
        "filterable": 0,
        "ext":"./0924/json.json"
      

},







        {"jar":"https://daili.korice.eu.org/https://raw.githubusercontent.com/vvvvzhy/vvvzhy/refs/heads/yu/0924/1993.jar",
        "key":"YU_Market",
        "name":"📢洪宇┃网络应用商店",
        "type":3,"api":"csp_Market",
        "searchable":0,
        "changeable":0,
        "ext":"https://daili.korice.eu.org/https://raw.githubusercontent.com/vvvvzhy/vvvzhy/refs/heads/yu/0924/0924.json"},

        
    {
      "key": "csp_XYQHiker_网络虎牙直播",
      "name": "🎧洪宇┃网络虎牙",
      "type": 3,
      "api": "csp_XYQHiker",
      "searchable": 1,
      "quickSearch": 0,
      "filterable": 0,
      "jar": "https://daili.korice.eu.org/https://raw.githubusercontent.com/vvvvzhy/vvvzhy/refs/heads/yu/0924/custom_spider.jar;md5;e6f46d10150d782fcb10ef179bab3f47",
      "ext": "https://daili.korice.eu.org/https://raw.githubusercontent.com/vvvvzhy/vvvzhy/refs/heads/yu/0924/网络虎牙直播.json"
    },

    {
      "key": "csp_XYQHiker_网络斗鱼直播",
      "name": "🎧洪宇┃网络斗鱼",
      "type": 3,
      "api": "csp_XYQHiker",
      "searchable": 1,
      "quickSearch": 0,
      "filterable": 0,
      "jar": "https://daili.korice.eu.org/https://raw.githubusercontent.com/vvvvzhy/vvvzhy/refs/heads/yu/0924/custom_spider.jar;md5;e6f46d10150d782fcb10ef179bab3f47",
      "ext": "https://daili.korice.eu.org/https://raw.githubusercontent.com/vvvvzhy/vvvzhy/refs/heads/yu/0924/网络斗鱼直播.json"
    }
    
    
    
    
    
    
    












]}
