{"logo":"https://gitee.com/yu_shan_fei/vvvzhy/raw/zby/yu/HYTV.png",

    "lives": [
{"name":"【洪宇本地一起看3】","type":0,"url":"http://127.0.0.1:9978/file/Download/yqk3.m3u","ua":"okhttp/3.15,AptvPlayer/1.4.0","logo":"https://epg.v1.mk/logo/{name}.png","playerType":2},        
{"name":"【洪宇网络一起看3】","type":0,"url":"https://cors.isteed.cc/https://raw.githubusercontent.com/vvvvse/yu/refs/heads/yu/yqk3.m3u","ua":"okhttp/3.15,AptvPlayer/1.4.0","logo":"https://epg.v1.mk/logo/{name}.png","playerType":2},
{"name":"【加密冰红茶",
            "type": 3,
            "api": "csp_Feiyang",
            "url": "https://fy.188766.xyz/?ip=192.168.1.2&mima=499144377",
            "timeout": 10,
            "ua": "okhttp/3.15"
        },




{"name":"【tv1",
            "type": 3,
            "api": "csp_Feiyang",
            "url": "https://cors.isteed.cc/https://raw.githubusercontent.com/l19270149853/ZBY/refs/heads/main/tv1.txt",
            "timeout": 10,
            "ua": "okhttp/3.15"
        },
{"name":"【洪宇的斗鱼",
            "type": 3,
            "api": "csp_Feiyang",
            "url": "https://sub.ottiptv.cc/douyuyqk.m3u",
            "timeout": 10,
            "ua": "okhttp/3.15"
        },
{"name":"【洪宇的YY",
            "type": 3,
            "api": "csp_Feiyang",
            "url": "https://sub.ottiptv.cc/yylunbo.m3u",
            "timeout": 10,
            "ua": "okhttp/3.15"
        },
    {
"name":"【洪宇的lPV6",
      "type": 0,
      "url": "./live/lPV6.txt",
      "playerType": 2,
      "timeout": 10
    },
{"name":"【洪宇的lpv4",
            "type": 0,
            "url": "https://sub.ottiptv.cc/iptv.m3u",
            "timeout": 10
        },


  {"name":"【洪宇lpv4[2]",
            "type": 0,
            "url": "https://hub.gitmirror.com/https://raw.githubusercontent.com/cluntop/cluntop.github.io/refs/heads/main/lib/iptv.m3u",
            "timeout": 10
        }, 
{"name":"【洪宇lpv4",
            "type": 0,
            "url": "https://hub.gitmirror.com/https://raw.githubusercontent.com/Ethan-Men/8159-TV/refs/heads/master/output/ipv4/result.m3u",
            "timeout": 10
        },
{"name":"【洪宇虎牙一起看",
            "type": 3,
            "api": "csp_Feiyang",
            "url": "https://yun.urldwz.com/f/BE9PSL/huyayqk.m3u",
            "timeout": 10,
            "ua": "okhttp/3.15"
        },
{"name":"【洪宇斗鱼一起看",
            "type": 3,
            "api": "csp_Feiyang",
            "url": "https://yun.urldwz.com/f/NR9qiA/douyuyqk.m3u",
            "timeout": 10,
            "ua": "okhttp/3.15"
        },
{"name":"【洪宇YY轮播",
            "type": 3,
            "api": "csp_Feiyang",
            "url": "https://yun.urldwz.com/f/dlkycZ/yylunbo.m3u",
            "timeout": 10,
            "ua": "okhttp/3.15"
        },
{"name":"【洪宇AI直播",
            "type": 0,
            "url": "https://gh-proxy.com/https://raw.githubusercontent.com/PizazzGY/TV/master/output/user_result.txt",
            "epg": "http://cdn.1678520.xyz/epg/?ch={name}&date={date}",
            "timeout": 10
        },
{"name":"【洪宇Guovin",
            "type": 0,
            "url": "https://gitee.com/mytv-android/iptv-api/raw/master/output/result.m3u",
            "epg": "http://cdn.1678520.xyz/epg/?ch={name}&date={date}",
            "timeout": 10
        },
{"name":"【洪宇咪咕直播",
            "type": 0,
            "url": "https://yun.urldwz.com/f/Q6y3ca/migu.m3u",
            "timeout": 10
        },

{"name":"【洪宇B站直播",
            "type": 3,
            "api": "csp_Feiyang",
            "url": "https://yun.urldwz.com/f/9XBkHK/bilibili.m3u",
            "timeout": 10,
            "ua": "okhttp/3.15"
        },
{"name":"【洪宇电视Live",
            "type": 0,
            "url": "https://tv.iill.top/m3u/Gather",
            "playerType": 2,
            "timeout": 10
        },
{"name":"【洪宇网络Live",
            "type": 0,
            "url": "https://tv.iill.top/m3u/Live",
            "playerType": 2,
            "timeout": 10
        },
{"name":"【洪宇范明明",
            "type": 0,
            "url": "https://live.fanmingming.cn/tv/m3u/ipv6.m3u",
            "timeout": 10
        },
{"name":"【洪宇APTV",
            "type": 0,
            "url": "https://gh-proxy.com/https://github.com/Kimentanm/aptv/raw/master/m3u/iptv.m3u",
            "epg": "http://epg.51zmt.top:8000/api/diyp/?ch={name}&date={date}",
            "logo": "https://epg.iill.top/logo/{name}.png",
            "ua": "okhttp/3.15,AptvPlayer/1.4.0",
            "timeout": 10
        }
    ],


"sites":[



         {
        "key": "live-sex",
        "name": "vvvvzhy/vvvzhy┃🍓直播电视┃",
        "type": 3,
        "jar": "https://gh.llkk.cc/https://raw.githubusercontent.com/vvvvzhy/vvvzhy/refs/heads/yu/0924/yt.jar",
        "api": "https://gh.llkk.cc/https://raw.githubusercontent.com/vvvvzhy/vvvzhy/refs/heads/yu/0924/apiv.js",
        "ext":"https://gh.llkk.cc/https://raw.githubusercontent.com/vvvvzhy/vvvzhy/refs/heads/yu/0924/txt.txt"
    },  
      {
        "key": "csp_Live2Vod_22",
        "name": "live┃本地直播",
        "type": 3,
        "api": "http://127.0.0.1:9978/file/Download/live/直播vod.js",
        "jar": "http://127.0.0.1:9978/file/Download/live/candymuj.jar",
        "searchable": 0,
        "quickSearch": 0,
        "filterable": 0,
        "ext":"http://127.0.0.1:9978/file/Download/live/json.json"
      

},


         {
        "key": "live-sex02",
        "name": "┃🍓码云电视┃",
        "type": 3,
        "jar": "https://gh.llkk.cc/https://raw.githubusercontent.com/vvvvzhy/vvvzhy/refs/heads/yu/0924/yt.jar",
        "api": "https://gitee.com/yu_shan_fei/vvvzhy/raw/zby/yu/apiv.js",
        "ext":"https://gitee.com/yu_shan_fei/vvvzhy/raw/zby/yu/txt.txt"
    },  





        {"jar":"https://gh.llkk.cc/https://raw.githubusercontent.com/vvvvzhy/vvvzhy/refs/heads/yu/0924/1993.jar",
        "key":"YU_Market",
        "name":"📢洪宇┃网络应用商店",
        "type":3,"api":"csp_Market",
        "searchable":0,
        "changeable":0,
        "ext":"https://gh.llkk.cc/https://raw.githubusercontent.com/vvvvzhy/vvvzhy/refs/heads/yu/0924/0924.json"},

        
    {
      "key": "csp_XYQHiker_网络虎牙直播",
      "name": "🎧洪宇┃网络虎牙",
      "type": 3,
      "api": "csp_XYQHiker",
      "searchable": 1,
      "quickSearch": 0,
      "filterable": 0,
      "jar": "https://gh.llkk.cc/https://raw.githubusercontent.com/vvvvzhy/vvvzhy/refs/heads/yu/0924/custom_spider.jar;md5;e6f46d10150d782fcb10ef179bab3f47",
      "ext": "https://gh.llkk.cc/https://raw.githubusercontent.com/vvvvzhy/vvvzhy/refs/heads/yu/0924/网络虎牙直播.json"
    },

    {
      "key": "csp_XYQHiker_网络斗鱼直播",
      "name": "🎧洪宇┃网络斗鱼",
      "type": 3,
      "api": "csp_XYQHiker",
      "searchable": 1,
      "quickSearch": 0,
      "filterable": 0,
      "jar": "https://gh.llkk.cc/https://raw.githubusercontent.com/vvvvzhy/vvvzhy/refs/heads/yu/0924/custom_spider.jar;md5;e6f46d10150d782fcb10ef179bab3f47",
      "ext": "https://gh.llkk.cc/https://raw.githubusercontent.com/vvvvzhy/vvvzhy/refs/heads/yu/0924/网络斗鱼直播.json"
    }
    
    
    
    
    
    
    












]}
