[

{"name":"yqk3/vvvvzhy/vvvzhy","url":"https://cors.isteed.cc/https://raw.githubusercontent.com/vvvvzhy/vvvzhy/refs/heads/yu/0924/yqk3.m3u&&&https://gitee.com/yu_shan_fei/vvvzhy/raw/zby/yu/HYTV.png"},

{"name":"冰红茶加密","url":"https://fy.188766.xyz/?url=https://lunbo.v1.mk&mishitong=true&mima=mianfeidehaimaiqian&&&https://gitee.com/yu_shan_fei/vvvzhy/raw/zby/yu/HYTV.png"},




{"name":"🆔不定时IPV⑥1","url":"https://cors.isteed.cc/https://raw.githubusercontent.com/xuanle6/IPTV/refs/heads/main/IPTV6.txt&&&https://gitee.com/yu_shan_fei/vvvzhy/raw/zby/yu/HYTV.png"},



{"name":"🆔不定时IPV⑥2","url":"https://cors.isteed.cc/https://raw.githubusercontent.com/zbym/66/refs/heads/66/zby.txt&&&https://gitee.com/yu_shan_fei/vvvzhy/raw/zby/yu/HYTV.png"},


{"name":"🆔IPV⑥3","url":"https://cors.isteed.cc/https://raw.githubusercontent.com/YanG-1989/m3u/refs/heads/main/Gather.m3u&&&https://gitee.com/yu_shan_fei/vvvzhy/raw/zby/yu/HYTV.png"},


{"name":"🆔IPV⑥4","url":"https://cors.isteed.cc/https://raw.githubusercontent.com/IIllII-9306/IPTV/refs/heads/main/live.txt&&&https://gitee.com/yu_shan_fei/vvvzhy/raw/zby/yu/HYTV.png"},


{"name":"🆔IPV④","url":"https://cors.isteed.cc/https://raw.githubusercontent.com/110COM/repo/refs/heads/main/a/mut8.m3u&&&https://gitee.com/yu_shan_fei/vvvzhy/raw/zby/yu/HYTV.png"},




{"name":"<🌾ssili126>lPV4<🌾>","url":"https://cors.isteed.cc/https://raw.githubusercontent.com/ssili126/ds/f84c5c9a751d1ac56d30673ddf3605b5b1c273e9/itvlist.txt&&&https://gitee.com/yu_shan_fei/vvvzhy/raw/zby/yu/HYTV.png"},


{"name":"<🌾lpV4>110com<🌾>","url":"https://cors.isteed.cc/https://raw.githubusercontent.com/110COM/repo/refs/heads/main/bj/mut&&&https://gitee.com/yu_shan_fei/vvvzhy/raw/zby/yu/HYTV.png"},


{"name":"<🌾lpV4>ssili126<🌾>","url":"https://cors.isteed.cc/https://raw.githubusercontent.com/ssili126/ds/refs/heads/main/itvlist.m3u&&&https://gitee.com/yu_shan_fei/vvvzhy/raw/zby/yu/HYTV.png"},



{"name":"🆔IPV④","url":"https://cdn.jsdelivr.net/gh/zhuxinfu88/tvlist@latest/txt/hotel/%E5%85%A8%E5%9B%BD.txt&&&https://gitee.com/yu_shan_fei/vvvzhy/raw/zby/yu/HYTV.png"},

{"name":"🆔IPV⑥","url":"https://cdn.jsdelivr.net/gh/Rivens7/Livelist@latest/IPTV.m3u&&&https://gitee.com/yu_shan_fei/vvvzhy/raw/zby/yu/HYTV.png"},



{"name":"🔅IPV6🔆","url":"https://cors.isteed.cc/https://raw.githubusercontent.com/vicjl/myIPTV/refs/heads/main/IPTV-f-v6.m3u&&&https://gitee.com/yu_shan_fei/vvvzhy/raw/zby/yu/HYTV.png"},

{"name":"💓专享源🅰️","url":"https://cors.isteed.cc/https://raw.githubusercontent.com/wzxxcz/wzx/refs/heads/main/live.txt&&&https://gitee.com/yu_shan_fei/vvvzhy/raw/zby/yu/HYTV.png"},

{"name":"<🌾lpV6>lPV6<🌾>","url":"https://cors.isteed.cc/https://raw.githubusercontent.com/360vip/jm/2a2d0efa4ec6f5c927d659088fef1bb7cc2b878f/tv/tv.txt&&&https://gitee.com/yu_shan_fei/vvvzhy/raw/zby/yu/HYTV.png"},


{"name":"<🌾lpV6>lPV6<🌾>","url":"https://cors.isteed.cc/https://raw.githubusercontent.com/bnsgj/vip/9eb927d14f8639b5e2c7aab7dc3a97a6c7fcd23b/gcl.txt&&&https://gitee.com/yu_shan_fei/vvvzhy/raw/zby/yu/HYTV.png"}




]
