[





{"name":"推荐",
"list":[

            {
                "name": "vvvzhy仓库",
                "url": "https://gitee.com/yu_shan_fei/vvvzhy/raw/zby/yu/vvvzhy.jpg",
            
                "version": "vvvzhy","icon":"https://gitee.com/yu_shan_fei/vvvzhy/raw/zby/yu/vvvzhy.jpg","copy":"https://gitee.com/yu_shan_fei/vvvzhy/raw/zby/yu/vvvzhy.jpg"
            },
            
            {
                "name": "vvvzhy仓库",
                "url": "https://ghfast.top/https://raw.githubusercontent.com/vvvvzhy/xjj/refs/heads/hy/new/vvvzhy.jpg",
            
                "version": "vvvzhy","icon":"https://ghfast.top/https://raw.githubusercontent.com/vvvvzhy/xjj/refs/heads/hy/new/vvvzhy.jpg","copy":"https://ghfast.top/https://raw.githubusercontent.com/vvvvzhy/xjj/refs/heads/hy/new/vvvzhy.jpg"
            },


{"name":"🎖new/new2/网络本地包","url":"https://ghfast.top/https://raw.githubusercontent.com/llllse/llllse/refs/heads/new/new/new2.zip","version":"llllse/llllse","icon":"https://gitee.com/yu_shan_fei/vvvzhy/raw/zby/yu/HYTV.png","copy":"http://127.0.0.1:9978/file/Download/new2/new2.json"},
{"name":"🚥洪宇正片包🚥","url":"https://ghfast.top/https://raw.githubusercontent.com/vvvvzhy/vvvzhy/refs/heads/yu/0924/yu.zip","version":"洪宇的vvvvzhy/vvvzhy","icon":"https://ghfast.top/https://raw.githubusercontent.com/qq859/cj/refs/heads/main/%E5%9B%BE%E7%89%87/HY18.png","copy":"https://ghfast.top/https://raw.githubusercontent.com/vvvvzhy/vvvzhy/refs/heads/yu/0924/yu.zip"},
  

{"name":"🚥洪宇油管本地包🚥","url":"https://ghfast.top/https://raw.githubusercontent.com/vvvvzhy/xjj/refs/heads/hy/api.zip","version":"洪宇的vvvvzhy/xjj","icon":"https://ghfast.top/https://raw.githubusercontent.com/qq859/cj/refs/heads/main/%E5%9B%BE%E7%89%87/HY18.png","copy":"https://ghfast.top/https://raw.githubusercontent.com/vvvvzhy/xjj/refs/heads/hy/api.zip"},

{"name":"yqk3","url":"https://ghfast.top/https://raw.githubusercontent.com/vvvvzhy/xjj/refs/heads/hy/yqk3.m3u","version":"vvvvzhy/xjj","icon":"https://gitee.com/yu_shan_fei/vvvzhy/raw/zby/yu/HYTV.png","copy":"https://ghfast.top/https://raw.githubusercontent.com/vvvvzhy/xjj/refs/heads/hy/yqk3.m3u"},


{"name":"yqk4[vvvvse]","url":"https://daili.korice.eu.org/https://raw.githubusercontent.com/vvvvzhy/vvvzhy/refs/heads/yu/0924/yqk4.m3u","version":"vvvvzhy/vvvzhy","icon":"https://daili.korice.eu.org/https://raw.githubusercontent.com/qq859/cj/refs/heads/main/%E5%9B%BE%E7%89%87/HYTV.png","copy":"https://daili.korice.eu.org/https://raw.githubusercontent.com/vvvvzhy/vvvzhy/refs/heads/yu/0924/yqk4.m3u"},
{"name":"jjjjzhy压缩包","url":"https://ghfast.top/https://raw.githubusercontent.com/jjjzhy/vvvzhy/refs/heads/yu/tvbox.zip","version":"vvvvse/0924压缩包","icon":"https://gitee.com/yu_shan_fei/vvvzhy/raw/zby/yu/HYTV.png","copy":"https://ghfast.top/https://raw.githubusercontent.com/jjjzhy/vvvzhy/refs/heads/yu/tvbox.zip"},  

{"name":"llllse/1993更新包","url":"https://ghfast.top/https://raw.githubusercontent.com/llllse/1993/refs/heads/main/tvbox.zip","version":"洪宇0917更新包","icon":"https://gitee.com/yu_shan_fei/vvvzhy/raw/zby/yu/HYTV.png","copy":"https://ghfast.top/https://raw.githubusercontent.com/llllse/1993/refs/heads/main/tvbox.zip"},


{"name":"码云tvbox包","url":"https://gitee.com/yu_shan_fei/zby/raw/main/tvbox.zip","version":"洪宇的网络爬虫","icon":"https://gitee.com/yu_shan_fei/vvvzhy/raw/zby/yu/HYTV.png","copy":"https://gitee.com/yu_shan_fei/zby/raw/main/tvbox.zip"},



{"name":"jjjzhy/vvvzhy","url":"https://ghfast.top/https://raw.githubusercontent.com/jjjzhy/vvvzhy/refs/heads/yu/tvbox.zip","version":"tvbox.zip","icon":"https://gitee.com/yu_shan_fei/vvvzhy/raw/zby/yu/HYTV.png","copy":"https://ghfast.top/https://raw.githubusercontent.com/vvvvse/yu/refs/heads/yu/tvbox.zip"},
{"name":"网络llllse/hyyy","url":"https://ghfast.top/https://raw.githubusercontent.com/llllse/hyyy/refs/heads/main/yu/tvbox2.zip","version":"压缩包2","icon":"https://gitee.com/yu_shan_fei/vvvzhy/raw/zby/yu/HYTV.png","copy":"https://ghfast.top/https://raw.githubusercontent.com/llllse/hyyy/refs/heads/main/yu/tvbox2.zip"},
{"name":"本地llllse/hyyy","url":"https://ghfast.top/https://raw.githubusercontent.com/llllse/hyyy/refs/heads/main/yu/tvbox3.zip","version":"压缩包3","icon":"https://gitee.com/yu_shan_fei/vvvzhy/raw/zby/yu/HYTV.png","copy":"https://ghfast.top/https://raw.githubusercontent.com/llllse/hyyy/refs/heads/main/yu/tvbox3.zip"}




]
},





{"name":"vvvvzhy丨文件",
"list":[

    {"name":"🚥hy.html🚥","url":"https://daili.korice.eu.org/https://raw.githubusercontent.com/vvvvzhy/vvvzhy/refs/heads/master/vvvvzhy/hy.html","version":"vvvvzhy/vvvzhy","icon":"https://daili.korice.eu.org/https://raw.githubusercontent.com/qq859/cj/refs/heads/main/%E5%9B%BE%E7%89%87/HY18.png","copy":"https://daili.korice.eu.org/https://raw.githubusercontent.com/vvvvzhy/vvvzhy/refs/heads/master/vvvvzhy/hy.html"},

    {"name":"🚥my.json🚥","url":"https://daili.korice.eu.org/https://raw.githubusercontent.com/vvvvzhy/vvvzhy/refs/heads/master/vvvvzhy/my.json","version":"vvvvzhy/vvvzhy","icon":"https://daili.korice.eu.org/https://raw.githubusercontent.com/qq859/cj/refs/heads/main/%E5%9B%BE%E7%89%87/HY18.png","copy":"https://daili.korice.eu.org/https://raw.githubusercontent.com/vvvvzhy/vvvzhy/refs/heads/master/vvvvzhy/my.json"},

    {"name":"🚥yqk4.m3u🚥","url":"https://daili.korice.eu.org/https://raw.githubusercontent.com/vvvvzhy/vvvzhy/refs/heads/master/vvvvzhy/yqk4.m3u","version":"vvvvzhy/vvvzhy","icon":"https://daili.korice.eu.org/https://raw.githubusercontent.com/qq859/cj/refs/heads/main/%E5%9B%BE%E7%89%87/HY18.png","copy":"https://daili.korice.eu.org/https://raw.githubusercontent.com/vvvvzhy/vvvzhy/refs/heads/master/vvvvzhy/yqk4.m3u"},

    {"name":"🚥网络虎牙直播.json🚥","url":"https://daili.korice.eu.org/https://raw.githubusercontent.com/vvvvzhy/vvvzhy/refs/heads/master/vvvvzhy/网络虎牙直播.json","version":"vvvvzhy/vvvzhy","icon":"https://daili.korice.eu.org/https://raw.githubusercontent.com/qq859/cj/refs/heads/main/%E5%9B%BE%E7%89%87/HY18.png","copy":"https://daili.korice.eu.org/https://raw.githubusercontent.com/vvvvzhy/vvvzhy/refs/heads/master/vvvvzhy/网络虎牙直播.json"},

    {"name":"🚥空文件🚥","url":"https://daili.korice.eu.org/https://raw.githubusercontent.com/vvvvzhy/vvvzhy/refs/heads/master/vvvvzhy/空文件","version":"vvvvzhy/vvvzhy","icon":"https://daili.korice.eu.org/https://raw.githubusercontent.com/qq859/cj/refs/heads/main/%E5%9B%BE%E7%89%87/HY18.png","copy":"https://daili.korice.eu.org/https://raw.githubusercontent.com/vvvvzhy/vvvzhy/refs/heads/master/vvvvzhy/空文件"},

    {"name":"🚥空文件🚥","url":"https://daili.korice.eu.org/https://raw.githubusercontent.com/vvvvzhy/vvvzhy/refs/heads/master/vvvvzhy/空文件","version":"vvvvzhy/vvvzhy","icon":"https://daili.korice.eu.org/https://raw.githubusercontent.com/qq859/cj/refs/heads/main/%E5%9B%BE%E7%89%87/HY18.png","copy":"https://daili.korice.eu.org/https://raw.githubusercontent.com/vvvvzhy/vvvzhy/refs/heads/master/vvvvzhy/空文件"},

    {"name":"🚥空文件🚥","url":"https://daili.korice.eu.org/https://raw.githubusercontent.com/vvvvzhy/vvvzhy/refs/heads/master/vvvvzhy/空文件","version":"vvvvzhy/vvvzhy","icon":"https://daili.korice.eu.org/https://raw.githubusercontent.com/qq859/cj/refs/heads/main/%E5%9B%BE%E7%89%87/HY18.png","copy":"https://daili.korice.eu.org/https://raw.githubusercontent.com/vvvvzhy/vvvzhy/refs/heads/master/vvvvzhy/空文件"},

    {"name":"🚥空文件🚥","url":"https://daili.korice.eu.org/https://raw.githubusercontent.com/vvvvzhy/vvvzhy/refs/heads/master/vvvvzhy/空文件","version":"vvvvzhy/vvvzhy","icon":"https://daili.korice.eu.org/https://raw.githubusercontent.com/qq859/cj/refs/heads/main/%E5%9B%BE%E7%89%87/HY18.png","copy":"https://daili.korice.eu.org/https://raw.githubusercontent.com/vvvvzhy/vvvzhy/refs/heads/master/vvvvzhy/空文件"},

    {"name":"🚥空文件🚥","url":"https://daili.korice.eu.org/https://raw.githubusercontent.com/vvvvzhy/vvvzhy/refs/heads/master/vvvvzhy/空文件","version":"vvvvzhy/vvvzhy","icon":"https://daili.korice.eu.org/https://raw.githubusercontent.com/qq859/cj/refs/heads/main/%E5%9B%BE%E7%89%87/HY18.png","copy":"https://daili.korice.eu.org/https://raw.githubusercontent.com/vvvvzhy/vvvzhy/refs/heads/master/vvvvzhy/空文件"},

    {"name":"🚥空文件🚥","url":"https://daili.korice.eu.org/https://raw.githubusercontent.com/vvvvzhy/vvvzhy/refs/heads/master/vvvvzhy/空文件","version":"vvvvzhy/vvvzhy","icon":"https://daili.korice.eu.org/https://raw.githubusercontent.com/qq859/cj/refs/heads/main/%E5%9B%BE%E7%89%87/HY18.png","copy":"https://daili.korice.eu.org/https://raw.githubusercontent.com/vvvvzhy/vvvzhy/refs/heads/master/vvvvzhy/空文件"}





]
},



{"name":"new最新更新包",
"list":[

{"name":"new最新更新1包","url":"https://ghfast.top/https://raw.githubusercontent.com/llllse/llllse/refs/heads/new/new/new.zip","version":"llllse/llllse","icon":"https://gitee.com/yu_shan_fei/vvvzhy/raw/zby/yu/HYTV.png","copy":"http://127.0.0.1:9978/file/Download/new/api.json"},

{"name":"🎖new/new2/网络本地包","url":"https://ghfast.top/https://raw.githubusercontent.com/llllse/llllse/refs/heads/new/new/new2.zip","version":"llllse/llllse","icon":"https://gitee.com/yu_shan_fei/vvvzhy/raw/zby/yu/HYTV.png","copy":"http://127.0.0.1:9978/file/Download/new2/new2.json"},

{"name":"new最新更新3包","url":"https://ghfast.top/https://raw.githubusercontent.com/llllse/llllse/refs/heads/new/new/new.zip","version":"llllse/llllse","icon":"https://gitee.com/yu_shan_fei/vvvzhy/raw/zby/yu/HYTV.png","copy":"http://127.0.0.1:9978/file/Download/new3/api.json"},

{"name":"new最新更新4包","url":"https://ghfast.top/https://raw.githubusercontent.com/llllse/llllse/refs/heads/new/new/new.zip","version":"llllse/llllse","icon":"https://gitee.com/yu_shan_fei/vvvzhy/raw/zby/yu/HYTV.png","copy":"http://127.0.0.1:9978/file/Download/new4/api.json"},

{"name":"new最新更新5包","url":"https://ghfast.top/https://raw.githubusercontent.com/llllse/llllse/refs/heads/new/new/new.zip","version":"llllse/llllse","icon":"https://gitee.com/yu_shan_fei/vvvzhy/raw/zby/yu/HYTV.png","copy":"http://127.0.0.1:9978/file/Download/new5/api.json"}




]
},




{"name":"zip本地包丨增量包",
"list":[

{"name":"本地直播增量包","url":"https://ghfast.top/https://raw.githubusercontent.com/vvvvzhy/vvvzhy/refs/heads/yu/zip/live2.zip","version":"Download/live","icon":"https://gitee.com/yu_shan_fei/vvvzhy/raw/zby/yu/HYTV.png","copy":"http://127.0.0.1:9978/file/Download/live/api.json"},


{"name":"直播增量包","url":"https://ghfast.top/https://raw.githubusercontent.com/vvvvzhy/vvvzhy/refs/heads/yu/zip/live.zip","version":"vvvvzhy/vvvzhy","icon":"https://gitee.com/yu_shan_fei/vvvzhy/raw/zby/yu/HYTV.png","copy":"http://127.0.0.1:9978/file/Download/yu/api.json"}


]
},


{"name":"网络接口",
"list":[



            {
                "name": "🎖码云九件套",
                "url": "https://gitee.com/yu_shan_fei/vvvzhy/raw/yu/yu/my.json",
                "icon": "https://gitee.com/yu_shan_fei/vvvzhy/raw/zby/yu/HYTV.png","copy":"https://gitee.com/yu_shan_fei/vvvzhy/raw/yu/yu/my.json",
                "version": "码云九件套"
            },

            {
                "name": "🎖码云九件套(隐藏)",
                "url": "https://gitee.com/yu_shan_fei/vvvzhy/raw/yu/yu/bd.json",
                "icon": "https://gitee.com/yu_shan_fei/vvvzhy/raw/zby/yu/HYTV.png","copy":"https://gitee.com/yu_shan_fei/vvvzhy/raw/yu/yu/bd.json",
                "version": "码云九件套(隐藏)"
            },

            {
                "name": "潇洒",
                "url": "https://ghfast.top/https://raw.githubusercontent.com/vvvvse/yu/refs/heads/yu/sa/sa.zip",
                "icon": "https://ghfast.top/https://raw.githubusercontent.com/vvvvse/yu/refs/heads/yu/sa/HYTV.png","copy":"https://ghfast.top/https://raw.githubusercontent.com/vvvvse/yu/refs/heads/yu/sa/api.json",
                "version": "vvvvse/yu"
            },
{"name":"🎖new/new2接口","url":"https://ghfast.top/https://raw.githubusercontent.com/llllse/llllse/refs/heads/new/new2.json","version":"llllse/25/10/19","icon":"https://gitee.com/yu_shan_fei/vvvzhy/raw/zby/yu/llllse.jpg","copy":"https://ghfast.top/https://raw.githubusercontent.com/llllse/llllse/refs/heads/new/new2.json"},
{"name":"new最新短剧接口","url":"https://ghfast.top/https://raw.githubusercontent.com/llllse/llllse/refs/heads/new/api.json","version":"llllse/llllse","icon":"https://gitee.com/yu_shan_fei/vvvzhy/raw/zby/yu/HYTV.png","copy":"https://ghfast.top/https://raw.githubusercontent.com/llllse/llllse/refs/heads/new/api.json"},
            {
                "name": "基本老三样增量荐片",
                "url": "https://ghfast.top/https://raw.githubusercontent.com/jjjzhy/vvvzhy/refs/heads/yu/api.json",
            
                "version": "老三样增量荐片","icon":"https://gitee.com/yu_shan_fei/vvvzhy/raw/zby/yu/HYTV.png","copy":"https://ghfast.top/https://raw.githubusercontent.com/jjjzhy/vvvzhy/refs/heads/yu/api.json"
            },
            {
                "name": "老三样荐片",
                "url": "https://ghfast.top/https://raw.githubusercontent.com/vvvvse/yu/refs/heads/yu/api.json",
            
                "version": "vvvvse/yu","icon":"https://gitee.com/yu_shan_fei/vvvzhy/raw/zby/yu/HYTV.png","copy":"https://ghfast.top/https://raw.githubusercontent.com/vvvvse/yu/refs/heads/yu/api.json"
            },
            {
                "name": "基本测试接口",
                "url": "https://ghfast.top/https://raw.githubusercontent.com/vvvvzhy/xjj/refs/heads/hy/api.txt",
            
                "version": "老三样网络","icon":"https://gitee.com/yu_shan_fei/vvvzhy/raw/zby/yu/HYTV.png","copy":"https://ghfast.top/https://raw.githubusercontent.com/vvvvzhy/xjj/refs/heads/hy/api.txt"
            },
            {
                "name": "采集之王4K接口",
                "url": "https://ghfast.top/https://raw.githubusercontent.com/vvvvzhy/vvvzhy/refs/heads/yu/api.json",
            
                "version": "4K荐片采集之王","icon":"https://gitee.com/yu_shan_fei/vvvzhy/raw/zby/yu/HYTV.png","copy":"https://ghfast.top/https://raw.githubusercontent.com/vvvvzhy/vvvzhy/refs/heads/yu/api.json"
            },
{"name":"vvvvse/yu","url":"https://ghfast.top/https://raw.githubusercontent.com/vvvvse/yu/refs/heads/yu/api.json","version":"必备+荐片","icon":"https://gitee.com/yu_shan_fei/vvvzhy/raw/zby/yu/HYTV.png","copy":"https://ghfast.top/https://raw.githubusercontent.com/vvvvse/yu/refs/heads/yu/api.json"},  
{"name":"vvvvzhy/xjj","url":"https://ghfast.top/https://raw.githubusercontent.com/vvvvzhy/xjj/refs/heads/hy/api.txt","version":"必备+油管","icon":"https://ghfast.top/https://raw.githubusercontent.com/qq859/cj/refs/heads/main/%E5%9B%BE%E7%89%87/HY18.png","copy":"https://ghfast.top/https://raw.githubusercontent.com/vvvvzhy/xjj/refs/heads/hy/api.txt"},

            {
                "name": "hb092433/1993[正片]",
                "url": "https://ghfast.top/https://raw.githubusercontent.com/hb092433/1993/refs/heads/1993/zp.json",
            
                "version": "网络正片/18[正片]","icon":"https://gitee.com/yu_shan_fei/vvvzhy/raw/zby/yu/HYTV.png","copy":"https://ghfast.top/https://raw.githubusercontent.com/hb092433/1993/refs/heads/1993/zp.json"
            },
            {
                "name": "hb092433/1993[18]",
                "url": "https://ghfast.top/https://raw.githubusercontent.com/hb092433/1993/refs/heads/1993/18.json",

                "version": "网络正片/18[18]","icon":"https://gitee.com/yu_shan_fei/vvvzhy/raw/zby/yu/HYTV.png","copy":"https://ghfast.top/https://raw.githubusercontent.com/hb092433/1993/refs/heads/1993/18.json"
            },
            {
                "name": "hb092433/1",
                "url": "https://ghfast.top/https://raw.githubusercontent.com/hb092433/1/refs/heads/1993/1993/hy.json",

                "version": "直播大秀","icon":"https://gitee.com/yu_shan_fei/vvvzhy/raw/zby/yu/HYTV.png","copy":"https://ghfast.top/https://raw.githubusercontent.com/hb092433/1/refs/heads/1993/1993/hy.json"
            },
            {
                "name": "vvvvzhy/xjj[18]",
                "url": "https://ghfast.top/hhttps://raw.githubusercontent.com/vvvvzhy/xjj/refs/heads/hy/18.json",

                "version": "科学加墙内[18]","icon":"https://gitee.com/yu_shan_fei/vvvzhy/raw/zby/yu/HYTV.png","copy":"https://ghfast.top/https://raw.githubusercontent.com/vvvvzhy/xjj/refs/heads/hy/18.json"
            },
            {
                "name": "hb092433/1993",
                "url": "https://raw.githubusercontent.com/hb092433/1/refs/heads/1993/1993/hy.jsonzp",
            
                "version": "≡🔞洪宇【正片/18】≡","icon":"https://gitee.com/yu_shan_fei/vvvzhy/raw/zby/yu/HYTV.png","copy":"https://raw.githubusercontent.com/hb092433/1/refs/heads/1993/1993/hy.jsonzp"
            },
  {"name":"洪宇影视合集","url":"https://ghfast.top/https://raw.githubusercontent.com/469548405/xiaosa/refs/heads/master/xiaosa/all.txt","version":"hb092433网络合集","icon":"https://gitee.com/yu_shan_fei/vvvzhy/raw/zby/yu/HYTV.png","copy":"https://ghfast.top/https://raw.githubusercontent.com/469548405/xiaosa/refs/heads/master/xiaosa/all.json"},
{"name":"🔞洪宇19.json🔞","url":"https://ghfast.top/https://raw.githubusercontent.com/jjjzhy/vvvzhy/refs/heads/yu/19.json","version":"jjjjzhy/[18合集]","icon":"https://ghfast.top/https://raw.githubusercontent.com/qq859/cj/refs/heads/main/%E5%9B%BE%E7%89%87/HY18.png","copy":"https://ghfast.top/https://raw.githubusercontent.com/jjjzhy/vvvzhy/refs/heads/yu/19.json"},

{"name":"🔞洪宇影视18+🔞","url":"https://ghfast.top/https://raw.githubusercontent.com/469548405/xiaosa/refs/heads/master/xiaosa/18.json","version":"469548405/fun2[单源]","icon":"https://ghfast.top/https://raw.githubusercontent.com/qq859/cj/refs/heads/main/%E5%9B%BE%E7%89%87/HY18.png","copy":"https://ghfast.top/https://raw.githubusercontent.com/469548405/xiaosa/refs/heads/master/xiaosa/18.json"},

{"name":"jjjzhy网络合集","url":"https://ghfast.top/https://ghfast.top/https://raw.githubusercontent.com/vvvzhy/vvvzhy/refs/heads/main/yu/456.txt","version":"jjjzhy网络合集","icon":"https://gitee.com/yu_shan_fei/vvvzhy/raw/zby/yu/HYTV.png","copy":"https://ghfast.top/https://ghfast.top/https://raw.githubusercontent.com/vvvzhy/vvvzhy/refs/heads/main/yu/456.txt"}











]
},

  


{"name":"洪宇直播地址",
"list":[


{"name":"yqk3[vvvvse]","url":"https://ghfast.top/https://raw.githubusercontent.com/vvvvzhy/vvvzhy/refs/heads/yu/0924/yqk3.m3u","version":"vvvvzhy/vvvzhy","icon":"https://gitee.com/yu_shan_fei/vvvzhy/raw/zby/yu/HYTV.png","copy":"https://ghfast.top/https://raw.githubusercontent.com/vvvvzhy/vvvzhy/refs/heads/yu/0924/yqk3.m3u"},
{"name":"网络YT2[vvvvse]","url":"https://ghfast.top/https://raw.githubusercontent.com/vvvvzhy/vvvzhy/refs/heads/yu/0924/YT2.txt","version":"vvvvzhy/vvvzhy","icon":"https://gitee.com/yu_shan_fei/vvvzhy/raw/zby/yu/HYTV.png","copy":"https://ghfast.top/https://raw.githubusercontent.com/vvvvzhy/vvvzhy/refs/heads/yu/0924/YT2.txt"}









]
},


{"name":"洪宇全部",
"list":[
{"name":"全部TXT","url":"https://ghfast.top/https://raw.githubusercontent.com/vvvzhy/vvvzhy/refs/heads/main/yu/[ALL].txt","version":"洪宇的网络爬虫","icon":"https://gitee.com/yu_shan_fei/vvvzhy/raw/zby/yu/HYTV.png","copy":"https://ghfast.top/https://raw.githubusercontent.com/vvvzhy/vvvzhy/refs/heads/main/yu/[ALL].txt"},

{"name":"123.json","url":"https://ghfast.top/https://raw.githubusercontent.com/vvvzhy/vvvzhy/refs/heads/main/yu/123.json","version":"洪宇的网络爬虫","icon":"https://gitee.com/yu_shan_fei/vvvzhy/raw/zby/yu/HYTV.png","copy":"https://ghfast.top/https://raw.githubusercontent.com/vvvzhy/vvvzhy/refs/heads/main/yu/123.json"},

{"name":"123.txt","url":"https://ghfast.top/https://raw.githubusercontent.com/vvvzhy/vvvzhy/refs/heads/main/yu/123.txt","version":"洪宇的网络爬虫","icon":"https://gitee.com/yu_shan_fei/vvvzhy/raw/zby/yu/HYTV.png","copy":"https://ghfast.top/https://raw.githubusercontent.com/vvvzhy/vvvzhy/refs/heads/main/yu/123.txt"},

{"name":"all.txt","url":"https://ghfast.top/https://raw.githubusercontent.com/vvvzhy/vvvzhy/refs/heads/main/yu/all.txt","version":"洪宇的网络爬虫","icon":"https://gitee.com/yu_shan_fei/vvvzhy/raw/zby/yu/HYTV.png","copy":"https://ghfast.top/https://raw.githubusercontent.com/vvvzhy/vvvzhy/refs/heads/main/yu/all.txt"},

{"name":"all.json","url":"https://ghfast.top/https://raw.githubusercontent.com/vvvzhy/vvvzhy/refs/heads/main/yu/all.json","version":"洪宇的网络爬虫","icon":"https://gitee.com/yu_shan_fei/vvvzhy/raw/zby/yu/HYTV.png","copy":"https://ghfast.top/https://raw.githubusercontent.com/vvvzhy/vvvzhy/refs/heads/main/yu/all.json"},

{"name":"yu(1-2-3).json","url":"https://ghfast.top/https://raw.githubusercontent.com/vvvzhy/vvvzhy/refs/heads/main/yu/yu(1-2-3).json","version":"洪宇的网络爬虫","icon":"https://gitee.com/yu_shan_fei/vvvzhy/raw/zby/yu/HYTV.png","copy":"https://ghfast.top/https://raw.githubusercontent.com/vvvzhy/vvvzhy/refs/heads/main/yu/yu(1-2-3).json"},

{"name":"yu(1-ALL).json","url":"https://ghfast.top/https://raw.githubusercontent.com/vvvzhy/vvvzhy/refs/heads/main/yu/yu(1-ALL).json","version":"洪宇的网络爬虫","icon":"https://gitee.com/yu_shan_fei/vvvzhy/raw/zby/yu/HYTV.png","copy":"https://ghfast.top/https://raw.githubusercontent.com/vvvzhy/vvvzhy/refs/heads/main/yu/yu(1-ALL).json"},

{"name":"yu[1-2-3].json","url":"https://ghfast.top/https://raw.githubusercontent.com/vvvzhy/vvvzhy/refs/heads/main/yu/yu[1-2-3].json","version":"洪宇的网络爬虫","icon":"https://gitee.com/yu_shan_fei/vvvzhy/raw/zby/yu/HYTV.png","copy":"https://ghfast.top/https://raw.githubusercontent.com/vvvzhy/vvvzhy/refs/heads/main/yu/yu[1-2-3].json"},

{"name":"yu[1-ALL].json","url":"https://ghfast.top/https://raw.githubusercontent.com/vvvzhy/vvvzhy/refs/heads/main/yu/yu[1-ALL].json","version":"洪宇的网络爬虫","icon":"https://gitee.com/yu_shan_fei/vvvzhy/raw/zby/yu/HYTV.png","copy":"https://ghfast.top/https://raw.githubusercontent.com/vvvzhy/vvvzhy/refs/heads/main/yu/yu[1-ALL].json"},

{"name":"yu(18+1).json","url":"https://ghfast.top/https://raw.githubusercontent.com/vvvzhy/vvvzhy/refs/heads/main/yu/yu(18+1).json","version":"洪宇的网络爬虫","icon":"https://ghfast.top/https://raw.githubusercontent.com/qq859/cj/refs/heads/main/%E5%9B%BE%E7%89%87/HY18.png","copy":"https://ghfast.top/https://raw.githubusercontent.com/vvvzhy/vvvzhy/refs/heads/main/yu/yu(18+1).json"},

{"name":"yu(18+2).json","url":"https://ghfast.top/https://raw.githubusercontent.com/vvvzhy/vvvzhy/refs/heads/main/yu/yu(18+2).json","version":"洪宇的网络爬虫","icon":"https://ghfast.top/https://raw.githubusercontent.com/qq859/cj/refs/heads/main/%E5%9B%BE%E7%89%87/HY18.png","copy":"https://ghfast.top/https://raw.githubusercontent.com/vvvzhy/vvvzhy/refs/heads/main/yu/yu(18+2).json"},

{"name":"yu[18+1].json","url":"https://ghfast.top/https://raw.githubusercontent.com/vvvzhy/vvvzhy/refs/heads/main/yu/yu[18+1].json","version":"洪宇的网络爬虫","icon":"https://ghfast.top/https://raw.githubusercontent.com/qq859/cj/refs/heads/main/%E5%9B%BE%E7%89%87/HY18.png","copy":"https://ghfast.top/https://raw.githubusercontent.com/vvvzhy/vvvzhy/refs/heads/main/yu/yu[18+1].json"},

{"name":"yu[18+2].json","url":"https://ghfast.top/https://raw.githubusercontent.com/vvvzhy/vvvzhy/refs/heads/main/yu/yu[18+2].json","version":"洪宇的网络爬虫","icon":"https://ghfast.top/https://raw.githubusercontent.com/qq859/cj/refs/heads/main/%E5%9B%BE%E7%89%87/HY18.png","copy":"https://ghfast.top/https://raw.githubusercontent.com/vvvzhy/vvvzhy/refs/heads/main/yu/yu[18+2].json"},

{"name":"yu/18.json","url":"https://ghfast.top/https://raw.githubusercontent.com/vvvzhy/vvvzhy/refs/heads/main/yu/18.json","version":"洪宇的网络爬虫","icon":"https://ghfast.top/https://raw.githubusercontent.com/qq859/cj/refs/heads/main/%E5%9B%BE%E7%89%87/HY18.png","copy":"https://ghfast.top/https://raw.githubusercontent.com/vvvzhy/vvvzhy/refs/heads/main/yu/18.json"},

{"name":"19.json","url":"https://ghfast.top/https://raw.githubusercontent.com/vvvzhy/vvvzhy/refs/heads/main/yu/19.json","version":"洪宇的网络爬虫","icon":"https://ghfast.top/https://raw.githubusercontent.com/qq859/cj/refs/heads/main/%E5%9B%BE%E7%89%87/HY18.png","copy":"https://ghfast.top/https://raw.githubusercontent.com/vvvzhy/vvvzhy/refs/heads/main/yu/19.json"}









]
}

]
