{ "urls": 
[








{"name":"🐍洪宇影视线路【P1】","url":"https://ghfast.top/https://raw.githubusercontent.com/469548405/xiaosa/refs/heads/master/xiaosa/api.json"},

{"name":"🐍洪宇线路【P1备用】","url":"https://gh-proxy.com/https://raw.githubusercontent.com/469548405/xiaosa/refs/heads/master/xiaosa/api.json"},

{"name":"🐍洪宇影视线路【P2】","url":"https://ghfast.top/https://raw.githubusercontent.com/jingyu8993/vvvzhy/refs/heads/main/JN/hy.json"},

{"name":"🐍洪宇线路【P2备用】","url":"https://gh-proxy.com/https://raw.githubusercontent.com/jingyu8993/vvvzhy/refs/heads/main/JN/hy.json"},

{"name":"🐍洪宇影视线路【P3】","url":"https://ghfast.top/https://raw.githubusercontent.com/469548405/fun/refs/heads/main/jsm.json"},

{"name":"🐍洪宇线路【P3备用】","url":"https://gh-proxy.com/https://raw.githubusercontent.com/469548405/fun/refs/heads/main/jsm.json"}
]
}
