{"logo":"https://gitee.com/yu_shan_fei/vvvzhy/raw/yu/yu/HYTV.png",





    "lives": [





{"name":"【洪宇的机顶盒】","type":0,"url":"https://daili.korice.eu.org/https://raw.githubusercontent.com/llllse/hyyy/refs/heads/main/yu/yu.m3u","ua":"okhttp/3.15,AptvPlayer/1.4.0","logo":"https://epg.v1.mk/logo/{name}.png","playerType":2},




{"name":"【洪宇的网络爬虫】","type":0,"url":"https://daili.korice.eu.org/https://raw.githubusercontent.com/110COM/repo/refs/heads/main/a/mut8.m3u","ua":"okhttp/3.15,AptvPlayer/1.4.0","logo":"https://epg.v1.mk/logo/{name}.png","playerType":2}






    ],









"sites":[




        {"jar":"https://gitee.com/yu_shan_fei/vvvzhy/raw/yu/yu/jar/fan.txt;md5;56f518af99e91de33cd88eafc9b85c2d",

      "key": "量子",
      "name": "☝点这里🚦量子🚦",
      "type": 1,
      "api": "http://cj.lziapi.com/api.php/provide/vod/",
      "searchable": 1,
      "quickSearch": 1,
      "filterable": 0,
      "playurl": "",
      "categories": ["动作片","科幻片","战争片","恐怖片","剧情片","喜剧片","记录片","国产剧","欧美剧","香港剧","台湾剧","海外剧", "国产动漫","港台动漫","日韩动漫","欧美动漫", "大陆综艺","港台综艺","短剧"]
        },
        


        
        {
                      "key":"MTV","name":"🚦哔哩🚦洪宇🚦","jar": "https://gitee.com/yu_shan_fei/vvvzhy/raw/yu/yu/yu.jar","type":3,"api":"csp_Bili","style":{"type":"rect","ratio":1.597},
                       "searchable":0,"quickSearch":0,"changeable":0,"ext":"https://gitee.com/yu_shan_fei/vvvzhy/raw/yu/yu/yu.json" 
                       },



		{
			"key": "BiliBili",
			"name": "🚦MTV🚦洪宇🚦",
	"jar": "https://gitee.com/yu_shan_fei/vvvzhy/raw/yu/yu/pg.jar;md5;./pg.jar.md5",
			"type": 3,
			"api": "csp_Bili",
			"style": {
				"type": "rect",
				"ratio": 1.597
			},
			"searchable": 1,
			"quickSearch": 0,
			"changeable": 0,
			"timeout": 60,
			"ext": {
				"json": "https://gitee.com/yu_shan_fei/vvvzhy/raw/yu/yu/yu.json",
				"cookie": ""
			}
		},

















    {
      "key": "配置中心",
      "name": "🚦洪宇配置🚦中心",
      "type": 3,
      "api": "csp_ConfigGuard",
      "searchable": 0,
      "changeable": 0,
      "indexs": 0,
      "style": {
        "type": "rect",
        "ratio": 1.43
      }
    },
    {
      "key": "云云",
      "name": "🚦云云🚦洪宇App",
      "type": 3,
      "api": "csp_YunYunGuard",
      "searchable": 1,
      "quickSearch": 1,
      "filterable": 1,
      "timeout": 10
    },
    {
      "key": "雄鹰",
      "name": "🚦雄鹰🚦洪宇App",
      "type": 3,
      "api": "csp_XiongYingGuard",
      "searchable": 1,
      "quickSearch": 1,
      "filterable": 1,
      "timeout": 10
    },
    {
      "key": "咖啡",
      "name": "🚦咖啡🚦洪宇App",
      "type": 3,
      "api": "csp_KaFeiGuard",
      "searchable": 1,
      "quickSearch": 1,
      "filterable": 1,
      "timeout": 10
    },
    {
      "key": "玩偶弹幕版",
      "name": "🚦洪宇🚦4K弹幕",
      "type": 3,
      "api": "csp_WoggGuard",
      "searchable": 1,
      "filterable": 1,
      "changeable": 1,
      "ext": {
        "cookie": "./lib/qk.js",
        "uc_cookie": "./lib/z_uc.js",
        "baidu_cookie": "./lib/bd.js"
      },
      "timeout": 30
    },
    {
      "key": "瓜子看球",
      "name": "🚦看球🚦洪宇",
      "type": 3,
      "api": "csp_GzSportGuard",
      "searchable": 0,
      "changeable": 0,
      "style": {
        "type": "list"
      },
      "timeout": 10
    }
  ],
  

  
  
  "parses": [
    {
      "name": "🚦聚合1",
      "type": 3,
      "url": "Demo"
    },
    {
      "name": "🚦聚合0",
      "type": 3,
      "url": "Web"
    },
    {
      "name": "🚦虾米",
      "type": 0,
      "url": "https://jx.hls.one/?url="
    },
    {
      "name": "🚦77云",
      "type": 0,
      "url": "https://jx.77flv.cc/?url="
    },
    {
      "name": "🚦8090",
      "type": 0,
      "url": "https://www.8090g.cn/?url="
    },
    {
      "name": "🚦M3u8TV",
      "type": 0,
      "url": "https://jx.m3u8.tv/jiexi/?url="
    },
    {
      "name": "🚦CK",
      "type": 0,
      "url": "https://www.ckplayer.vip/jiexi/?url="
    },
    {
      "name": "🚦冰豆",
      "type": 0,
      "url": "https://bd.jx.cn/?url="
    },
    {
      "name": "🚦咸鱼云",
      "type": 0,
      "url": "https://jx.xymp4.cc/?url="
    },
    {
      "name": "🚦推荐",
      "type": 1,
      "url": "https://zy.qiaoji8.com/gouzi.php?url=94b07e0b2c0e8244&url="
        }
    ],

    "wallpaper": "http://bobohome.ignorelist.com:20247/bing",
  "spider": "https://gitee.com/yu_shan_fei/vvvzhy/raw/yu/yu/LqSHQrRW.png;md5;93b4a419523acb54d2e5ccd2ce3bd924"

}