{"logo":"https://gitee.com/yu_shan_fei/vvvzhy/raw/yu/yu/HYTV.png",





    "lives": [



{"name":"【洪宇码云一起看3】","type":0,"url":"https://gitee.com/yu_shan_fei/vvvzhy/raw/yu/yu/yqk3.m3u","ua":"okhttp/3.15,AptvPlayer/1.4.0","logo":"https://epg.v1.mk/logo/{name}.png","playerType":2},



{"name":"【冰茶加密】","type":0,"url":"https://bc.188766.xyz/?ip=&mima=mianfeibuhuaqian","ua":"okhttp/3.15,AptvPlayer/1.4.0","logo":"https://epg.v1.mk/logo/{name}.png","playerType":2},





{"name":"【jackTV】","type":0,"url":"https://php.946985.filegear-sg.me/jackTV.m3u","ua":"okhttp/3.15,AptvPlayer/1.4.0","logo":"https://epg.v1.mk/logo/{name}.png","playerType":2},









    
{"name":"【洪宇本地一起看3】","type":0,"url":"http://127.0.0.1:9978/file/Download/yqk3.m3u","ua":"okhttp/3.15,AptvPlayer/1.4.0","logo":"https://epg.v1.mk/logo/{name}.png","playerType":2},        
{"name":"【洪宇github一起看3】","type":0,"url":"https://gh-proxy.com/https://raw.githubusercontent.com/vvvvzhy/vvvzhy/refs/heads/yu/0924/yqk3.m3u","ua":"okhttp/3.15,AptvPlayer/1.4.0","logo":"https://epg.v1.mk/logo/{name}.png","playerType":2},        





        {
            "name": "tv1",
            "type": 3,
            "api": "csp_Feiyang",
            "url": "https://gh-proxy.com/https://raw.githubusercontent.com/l19270149853/yu/refs/heads/main/tv1.txt",
            "timeout": 10,
            "ua": "okhttp/3.15"
        },
        {
            "name": "洪宇的sub虎牙",
            "type": 3,
            "api": "csp_Feiyang",
            "url": "https://sub.ottiptv.cc/huyayqk.m3u",
            "timeout": 10,
            "ua": "okhttp/3.15"
        },
        {
            "name": "洪宇的sub斗鱼",
            "type": 3,
            "api": "csp_Feiyang",
            "url": "https://sub.ottiptv.cc/douyuyqk.m3u",
            "timeout": 10,
            "ua": "okhttp/3.15"
        },
        {
            "name": "洪宇的subYY",
            "type": 3,
            "api": "csp_Feiyang",
            "url": "https://sub.ottiptv.cc/yylunbo.m3u",
            "timeout": 10,
            "ua": "okhttp/3.15"
        }

    ],













"sites":[


        
            {
                      "key": "mayun2_XYQHiker_虎牙直播",
                            "name": "┃🍓码云洪宇┃虎牙2┃",
                                  "type": 3,
                                        "api": "csp_XYQHiker",
                                              "searchable": 1,
                                                    "quickSearch": 0,
                                                          "filterable": 0,
                                                                "jar": "https://gitee.com/yu_shan_fei/vvvzhy/raw/yu/yu/custom_spider.jar;md5;e6f46d10150d782fcb10ef179bab3f47",
                                                                      "ext": "https://gitee.com/yu_shan_fei/vvvzhy/raw/yu/yu/hy2.json"
            },
		{
            	"jar": "https://gitee.com/yu_shan_fei/vvvzhy/raw/yu/yu/pg.jar",
                			"key": "网盘配置",
                            			"name": "┃🍓网盘配置",
                                        			"type": 3,
                                                    			"api": "csp_Config",
                                                                			"searchable": 0,
                                                                            			"changeable": 0,
                                                                                        			"ext":"./lib/tokenm.json",
                                                                                                    			"style": {
                                                                                                                    				"type": "rect",
                                                                                                                                    				"ratio": 1.5
                                                                                                                }
        },
        		{
                    	"jar": "https://gitee.com/yu_shan_fei/vvvzhy/raw/yu/yu/pg.jar",		
                        		"key":"115Share","name":"┃🍓115云盘","type":3,"api":"csp_P115Share","searchable":1,"quickSearch":1, "changeable":0, "filterable":0, "timeout":120, "ext":"./tokenm.json$$$https://gh-proxy.abszm.online/https://raw.githubusercontent.com/vvvvzhy/vvvzhy/refs/heads/master/vvvvzhy/115share.txt$$$db$$$1",
                                			"style": {
                                                				"type": "list",
                                                                				"ratio": 1.1
                                            }
                },
                                            

            
{"jar":"https://gitee.com/yu_shan_fei/vvvzhy/raw/yu/yu/jar/Yoursmile.jar;md5;c6aaf6a9498e1e1d07126779c687bdd8",


"key":"巧技二","name":"丨聚搜┃🍓洪宇丨","type":3,"api":"csp_qiao2","searchable":1,"quickSearch":1,"filterable":1,"ext":"7lj763gg402i79425739i7jghj118797l4hj840gi18633331l4708g2h7145403549g44l8ii56i187681hkjj3hhgh1ih3l32j250lk1k786lj20j468hk3hli4l46gig4i3g7g2722328j0136h01i7g5183k22k7gg3i72hk81gl8k9839kl7i0707"},

{"jar":"https://gitee.com/yu_shan_fei/vvvzhy/raw/yu/yu/jar/Yoursmile.jar;md5;c6aaf6a9498e1e1d07126779c687bdd8",
"key":"csp_Gz360","name":"丨瓜子丨🍓洪宇丨","type":3,"api":"csp_Gz360","searchable":1,"quickSearch":1,"filterable":1},

{"jar":"https://gitee.com/yu_shan_fei/vvvzhy/raw/yu/yu/jar/Yoursmile.jar;md5;c6aaf6a9498e1e1d07126779c687bdd8",
"key":"主角","name":"丨主角丨🍓洪宇丨","type":3,"api":"csp_Muou","searchable":1,"quickSearch":1,"filterable":1,"ext":"7lj763gg402i794247258k9jh6598585l3g6ij13il8g20g9qiaoji8j9i9k1g3k90h7i507i213k5j602"},



        {"jar":"https://gitee.com/yu_shan_fei/vvvzhy/raw/yu/yu/jar/fan.txt;md5;56f518af99e91de33cd88eafc9b85c2d",

      "key": "量子",
      "name": "丨量子┃🍓洪宇┃",
      "type": 1,
      "api": "http://cj.lziapi.com/api.php/provide/vod/",
      "searchable": 1,
      "quickSearch": 1,
      "filterable": 0,
      "playurl": "",
      "categories": ["动作片","科幻片","战争片","恐怖片","剧情片","喜剧片","记录片","国产剧","欧美剧","香港剧","台湾剧","海外剧", "国产动漫","港台动漫","日韩动漫","欧美动漫", "大陆综艺","港台综艺","短剧"]
        },
        
        {
                      "key":"MTV","name":"┃🍓码云洪宇┃哔哩┃","jar": "https://gitee.com/yu_shan_fei/vvvzhy/raw/yu/yu/yu.jar","type":3,"api":"csp_Bili","style":{"type":"rect","ratio":1.597},
                       "searchable":0,"quickSearch":0,"changeable":0,"ext":"https://gitee.com/yu_shan_fei/vvvzhy/raw/yu/yu/yu.json" 
                       },



		{
			"key": "BiliBili",
			"name": "┃🍓码云洪宇┃MTV┃",
	"jar": "https://gitee.com/yu_shan_fei/vvvzhy/raw/yu/yu/pg.jar;md5;./pg.jar.md5",
			"type": 3,
			"api": "csp_Bili",
			"style": {
				"type": "rect",
				"ratio": 1.597
			},
			"searchable": 1,
			"quickSearch": 0,
			"changeable": 0,
			"timeout": 60,
			"ext": {
				"json": "https://gitee.com/yu_shan_fei/vvvzhy/raw/yu/yu/yu.json",
				"cookie": ""
			}
		},















         {
        "key": "live-sex02",
        "name": "┃🍓码云洪宇┃电视┃",
        "type": 3,
        "api": "https://gitee.com/yu_shan_fei/vvvzhy/raw/yu/yu/apiv.js",
        "ext":"https://gitee.com/yu_shan_fei/vvvzhy/raw/yu/yu/txt.txt"
    },  
        {"jar":"https://gitee.com/yu_shan_fei/vvvzhy/raw/yu/yu/0924.jar",
        "key":"mayun_Market",
        "name":"┃🍓码云洪宇┃商店┃",
        "type":3,"api":"csp_Market",
        "searchable":0,
        "changeable":0,
        "ext":"https://gitee.com/yu_shan_fei/vvvzhy/raw/yu/yu/0924.json"},

        
    {
      "key": "mayun_XYQHiker_虎牙直播",
      "name": "┃🍓码云洪宇┃虎牙┃",
      "type": 3,
      "api": "csp_XYQHiker",
      "searchable": 1,
      "quickSearch": 0,
      "filterable": 0,
      "jar": "https://gitee.com/yu_shan_fei/vvvzhy/raw/yu/yu/custom_spider.jar;md5;e6f46d10150d782fcb10ef179bab3f47",
      "ext": "https://gitee.com/yu_shan_fei/vvvzhy/raw/yu/yu/hy.json"
    },

    {
      "key": "mayun_XYQHiker_斗鱼直播",
      "name": "┃🍓码云洪宇┃斗鱼┃",
      "type": 3,
      "api": "csp_XYQHiker",
      "searchable": 1,
      "quickSearch": 0,
      "filterable": 0,
      "jar": "https://gitee.com/yu_shan_fei/vvvzhy/raw/yu/yu/custom_spider.jar;md5;e6f46d10150d782fcb10ef179bab3f47",
      "ext": "https://gitee.com/yu_shan_fei/vvvzhy/raw/yu/yu/dy.json"
    },
        











        {"jar":"https://gh-proxy.com/https://raw.githubusercontent.com/vvvvzhy/vvvzhy/refs/heads/yu/0924/1993.jar",
        "key":"YU_Market",
        "name":"┃🍓网络洪宇┃商店┃",
        "type":3,"api":"csp_Market",
        "searchable":0,
        "changeable":0,
        "ext":"https://gh-proxy.com/https://raw.githubusercontent.com/vvvvzhy/vvvzhy/refs/heads/yu/0924/0924.json"},

        
    {
      "key": "csp_XYQHiker_网络虎牙直播",
      "name": "┃🍓网络洪宇┃虎牙┃",
      "type": 3,
      "api": "csp_XYQHiker",
      "searchable": 1,
      "quickSearch": 0,
      "filterable": 0,
      "jar": "https://gh-proxy.com/https://raw.githubusercontent.com/vvvvzhy/vvvzhy/refs/heads/yu/0924/custom_spider.jar;md5;e6f46d10150d782fcb10ef179bab3f47",
      "ext": "https://gh-proxy.com/https://raw.githubusercontent.com/vvvvzhy/vvvzhy/refs/heads/yu/0924/网络虎牙直播.json"
    },

    {
      "key": "csp_XYQHiker_网络斗鱼直播",
      "name": "┃🍓网络洪宇┃斗鱼┃",
      "type": 3,
      "api": "csp_XYQHiker",
      "searchable": 1,
      "quickSearch": 0,
      "filterable": 0,
      "jar": "https://gh-proxy.com/https://raw.githubusercontent.com/vvvvzhy/vvvzhy/refs/heads/yu/0924/custom_spider.jar;md5;e6f46d10150d782fcb10ef179bab3f47",
      "ext": "https://gh-proxy.com/https://raw.githubusercontent.com/vvvvzhy/vvvzhy/refs/heads/yu/0924/网络斗鱼直播.json"
    },

    {
      "key": "配置中心",
      "name": "‍‍💯配置┃中心",
      "type": 3,
      "api": "csp_ConfigGuard",
      "searchable": 0,
      "changeable": 0,
      "indexs": 0,
      "style": {
        "type": "rect",
        "ratio": 1.43
      }
    },
    {
      "key": "云云",
      "name": "☁️云云┃洪宇App",
      "type": 3,
      "api": "csp_YunYunGuard",
      "searchable": 1,
      "quickSearch": 1,
      "filterable": 1,
      "timeout": 10
    },
    {
      "key": "雄鹰",
      "name": "🦅雄鹰┃洪宇App",
      "type": 3,
      "api": "csp_XiongYingGuard",
      "searchable": 1,
      "quickSearch": 1,
      "filterable": 1,
      "timeout": 10
    },
    {
      "key": "咖啡",
      "name": "☕咖啡┃洪宇App",
      "type": 3,
      "api": "csp_KaFeiGuard",
      "searchable": 1,
      "quickSearch": 1,
      "filterable": 1,
      "timeout": 10
    },
    {
      "key": "玩偶弹幕版",
      "name": "🧸玩偶┃4K弹幕",
      "type": 3,
      "api": "csp_WoggGuard",
      "searchable": 1,
      "filterable": 1,
      "changeable": 1,
      "ext": {
        "cookie": "./lib/qk.js",
        "uc_cookie": "./lib/z_uc.js",
        "baidu_cookie": "./lib/bd.js"
      },
      "timeout": 30
    },
    {
      "key": "瓜子看球",
      "name": "⚽瓜子┃看球",
      "type": 3,
      "api": "csp_GzSportGuard",
      "searchable": 0,
      "changeable": 0,
      "style": {
        "type": "list"
      },
      "timeout": 10
    }
  ],
  

  
  
  "parses": [
    {
      "name": "聚合1",
      "type": 3,
      "url": "Demo"
    },
    {
      "name": "聚合0",
      "type": 3,
      "url": "Web"
    },
    {
      "name": "虾米",
      "type": 0,
      "url": "https://jx.hls.one/?url="
    },
    {
      "name": "77云",
      "type": 0,
      "url": "https://jx.77flv.cc/?url="
    },
    {
      "name": "8090",
      "type": 0,
      "url": "https://www.8090g.cn/?url="
    },
    {
      "name": "M3u8TV",
      "type": 0,
      "url": "https://jx.m3u8.tv/jiexi/?url="
    },
    {
      "name": "CK",
      "type": 0,
      "url": "https://www.ckplayer.vip/jiexi/?url="
    },
    {
      "name": "冰豆",
      "type": 0,
      "url": "https://bd.jx.cn/?url="
    },
    {
      "name": "咸鱼云",
      "type": 0,
      "url": "https://jx.xymp4.cc/?url="
    },
    {
      "name": "推荐",
      "type": 1,
      "url": "https://zy.qiaoji8.com/gouzi.php?url=94b07e0b2c0e8244&url="
        }
    ],


  "spider": "./LqSHQrRW.png;md5;93b4a419523acb54d2e5ccd2ce3bd924"

}
